filename,fl,fr,bl,br,trunk,az,el,dist,overlap,l1 angle error
sedan4door_-20_23_-8_35_20_230_60_420.png,-20,23,-8,35,20,230,60,420,0.7460704962001641,17.0
sedan4door_-40_45_-30_35_20_140_30_420.png,-40,45,-30,35,20,140,30,420,0.6543393165300717,20.0
suv_-20_15_-30_35_20_80_60_420.png,-20,15,-30,35,20,80,60,420,0.6301058577977793,16.0
suv_0_45_-8_10_20_80_60_420.png,0,45,-8,10,20,80,60,420,0.07251508350913975,1.0
sedan4door_-40_15_-30_10_20_20_60_420.png,-40,15,-30,10,20,20,60,420,0.31706395795478837,4.0
suv_0_45_-8_35_20_80_30_420.png,0,45,-8,35,20,80,30,420,0.3585934992779204,7.0
hatchback_0_45_-30_10_15_140_60_420.png,0,45,-30,10,15,140,60,420,0.1282512400582919,6.0
sedan2door_-40_45_-8_35_15_140_30_420.png,-40,45,-8,35,15,140,30,420,0.6779481585450319,17.0
suv_-20_23_-8_35_15_230_60_420.png,-20,23,-8,35,15,230,60,420,0.7536689019745919,17.0
hybrid_-20_45_-30_35_15_230_60_420.png,-20,45,-30,35,15,230,60,420,0.5649624885943001,17.0
hatchback_-20_45_-30_35_15_140_60_420.png,-20,45,-30,35,15,140,60,420,0.5775377124135944,11.0
hatchback_0_45_-8_35_15_230_30_420.png,0,45,-8,35,15,230,30,420,0.9000665445243363,22.0
hatchback_0_15_-8_10_15_20_30_420.png,0,15,-8,10,15,20,30,420,0.2535507868059651,5.0
hatchback_-20_15_-8_35_20_20_30_420.png,-20,15,-8,35,20,20,30,420,0.6687963412267081,23.0
sedan2door_0_15_-8_35_15_80_30_420.png,0,15,-8,35,15,80,30,420,0.22187994372460149,5.0
hatchback_0_15_-30_35_15_20_60_420.png,0,15,-30,35,15,20,60,420,0.17348214882756777,11.0
sedan2door_-40_15_-30_10_20_230_60_420.png,-40,15,-30,10,20,230,60,420,0.6296335753367004,19.0
hybrid_-20_15_-30_10_20_80_30_420.png,-20,15,-30,10,20,80,30,420,0.550193156556623,17.0
hatchback_-40_15_-30_35_15_20_60_420.png,-40,15,-30,35,15,20,60,420,0.27165450320417067,9.0
sedan2door_-20_23_-8_10_20_230_60_420.png,-20,23,-8,10,20,230,60,420,0.7205563365527069,10.0
hybrid_0_15_-30_35_20_230_30_420.png,0,15,-30,35,20,230,30,420,0.06340107310901989,5.0
suv_-40_45_-8_10_15_140_30_420.png,-40,45,-8,10,15,140,30,420,0.6855739313554021,20.0
suv_-20_15_-30_10_15_140_60_420.png,-20,15,-30,10,15,140,60,420,0.6947491594947779,9.0
hybrid_0_15_-8_35_15_230_60_420.png,0,15,-8,35,15,230,60,420,0.21486884503325154,3.0
hatchback_-20_15_-30_10_15_230_60_420.png,-20,15,-30,10,15,230,60,420,0.8720236776774795,13.0
suv_-40_45_-30_10_15_230_30_420.png,-40,45,-30,10,15,230,30,420,0.3610472490782549,33.0
sedan2door_-20_15_-30_35_20_20_60_420.png,-20,15,-30,35,20,20,60,420,0.4319303407748304,15.0
hybrid_-20_15_-30_10_15_20_60_420.png,-20,15,-30,10,15,20,60,420,0.6284944357186638,8.0
sedan4door_-40_15_-30_10_20_140_60_420.png,-40,15,-30,10,20,140,60,420,0.5779440786441948,17.0
sedan4door_-40_23_-30_10_20_140_60_420.png,-40,23,-30,10,20,140,60,420,0.5749700848530279,16.0
hatchback_0_23_-8_10_20_20_30_420.png,0,23,-8,10,20,20,30,420,0.14978798911464478,3.0
hatchback_0_15_-8_10_20_80_60_420.png,0,15,-8,10,20,80,60,420,0.08425784572703063,1.0
hybrid_-40_15_-8_35_20_20_60_420.png,-40,15,-8,35,20,20,60,420,0.568707799392571,10.0
sedan4door_-40_15_-30_10_15_140_30_420.png,-40,15,-30,10,15,140,30,420,0.6866971952421171,20.0
sedan2door_-40_23_-30_10_15_20_30_420.png,-40,23,-30,10,15,20,30,420,0.6694675567504833,10.0
hatchback_0_23_-8_35_15_20_60_420.png,0,23,-8,35,15,20,60,420,0.09090542505312352,5.0
suv_0_45_-8_35_20_20_30_420.png,0,45,-8,35,20,20,30,420,0.5632666822419712,16.0
suv_-20_15_-8_10_20_20_30_420.png,-20,15,-8,10,20,20,30,420,0.654942234508163,24.0
sedan2door_-40_15_-30_10_20_140_60_420.png,-40,15,-30,10,20,140,60,420,0.625025330037597,19.0
sedan4door_-20_23_-8_10_15_230_60_420.png,-20,23,-8,10,15,230,60,420,0.7681283516541559,13.0
hatchback_-20_45_-30_10_20_20_30_420.png,-20,45,-30,10,20,20,30,420,0.6682365464868012,30.0
sedan4door_0_15_-30_35_20_80_30_420.png,0,15,-30,35,20,80,30,420,0.3642359628627162,26.0
sedan4door_-40_23_-8_35_20_20_30_420.png,-40,23,-8,35,20,20,30,420,0.7029445531235604,13.0
hybrid_-40_45_-8_10_20_80_60_420.png,-40,45,-8,10,20,80,60,420,0.7498257679360404,20.0
suv_-40_23_-8_10_15_140_60_420.png,-40,23,-8,10,15,140,60,420,0.6443750998607225,20.0
suv_0_23_-30_35_20_20_60_420.png,0,23,-30,35,20,20,60,420,0.1774745611965995,11.0
hatchback_-40_15_-8_35_20_140_30_420.png,-40,15,-8,35,20,140,30,420,0.7668054358814532,20.0
sedan2door_0_15_-30_35_15_230_60_420.png,0,15,-30,35,15,230,60,420,0.23714333895979256,1.0
hybrid_-20_45_-8_35_20_230_60_420.png,-20,45,-8,35,20,230,60,420,0.5659613973681146,14.0
hatchback_0_23_-30_10_15_80_30_420.png,0,23,-30,10,15,80,30,420,0.42304756050561887,20.0
sedan2door_-20_15_-30_35_15_230_30_420.png,-20,15,-30,35,15,230,30,420,None,8.0
sedan2door_0_45_-30_35_15_230_30_420.png,0,45,-30,35,15,230,30,420,None,7.0
hybrid_0_15_-30_10_20_80_30_420.png,0,15,-30,10,20,80,30,420,0.17460854308827364,4.0
hybrid_-20_23_-8_10_20_20_30_420.png,-20,23,-8,10,20,20,30,420,0.5959548105256566,7.0
sedan2door_-20_45_-8_35_15_140_30_420.png,-20,45,-8,35,15,140,30,420,0.9736256584320552,5.0
suv_-40_15_-8_10_20_20_30_420.png,-40,15,-8,10,20,20,30,420,0.713969441694891,13.0
sedan4door_-40_45_-30_35_20_230_60_420.png,-40,45,-30,35,20,230,60,420,0.6148427304552538,20.0
sedan2door_0_45_-8_35_15_20_30_420.png,0,45,-8,35,15,20,30,420,0.35257320884595006,10.0
hatchback_-20_45_-30_35_20_20_60_420.png,-20,45,-30,35,20,20,60,420,0.5618328299130403,12.0
hatchback_-40_23_-8_35_15_20_30_420.png,-40,23,-8,35,15,20,30,420,0.7227191881858561,11.0
sedan2door_0_23_-30_35_20_80_30_420.png,0,23,-30,35,20,80,30,420,0.2901565797867314,8.0
sedan4door_-20_45_-30_10_15_80_30_420.png,-20,45,-30,10,15,80,30,420,0.8699688068137862,12.0
suv_-20_45_-30_35_20_80_30_420.png,-20,45,-30,35,20,80,30,420,0.48749323666884914,13.0
hatchback_-20_45_-8_10_15_80_30_420.png,-20,45,-8,10,15,80,30,420,0.8165682884631181,12.0
hatchback_0_45_-30_10_15_80_30_420.png,0,45,-30,10,15,80,30,420,0.42165551242111027,17.0
suv_-20_23_-30_10_15_140_30_420.png,-20,23,-30,10,15,140,30,420,0.5390548642845122,12.0
sedan4door_-40_15_-8_10_15_140_30_420.png,-40,15,-8,10,15,140,30,420,0.6757934692505005,20.0
sedan4door_-40_45_-30_35_20_20_30_420.png,-40,45,-30,35,20,20,30,420,0.7000143657707171,5.0
suv_0_15_-30_35_20_80_60_420.png,0,15,-30,35,20,80,60,420,0.12424075793787284,5.0
sedan2door_-40_15_-8_35_15_140_60_420.png,-40,15,-8,35,15,140,60,420,0.6272389194646039,19.0
suv_-40_23_-30_10_15_80_60_420.png,-40,23,-30,10,15,80,60,420,0.7772501472043966,20.0
hatchback_-20_15_-8_10_20_80_30_420.png,-20,15,-8,10,20,80,30,420,0.787227053428413,13.0
hybrid_-20_45_-8_10_15_230_30_420.png,-20,45,-8,10,15,230,30,420,0.69832190245496,4.0
hybrid_-20_23_-8_35_15_140_30_420.png,-20,23,-8,35,15,140,30,420,0.8826979687169522,16.0
sedan4door_-40_23_-8_35_15_20_30_420.png,-40,23,-8,35,15,20,30,420,0.696449715203844,13.0
sedan2door_0_23_-30_10_15_20_60_420.png,0,23,-30,10,15,20,60,420,0.16744271933884539,11.0
sedan2door_0_15_-30_35_15_80_60_420.png,0,15,-30,35,15,80,60,420,0.08724550415321167,1.0
sedan2door_0_15_-30_35_15_230_30_420.png,0,15,-30,35,15,230,30,420,None,12.0
suv_0_23_-30_35_20_20_30_420.png,0,23,-30,35,20,20,30,420,0.4761625684525541,18.0
hatchback_-20_23_-8_35_20_20_30_420.png,-20,23,-8,35,20,20,30,420,0.646240901591615,16.0
sedan2door_-40_23_-30_10_20_230_60_420.png,-40,23,-30,10,20,230,60,420,0.6337064081570918,19.0
sedan2door_0_45_-30_35_20_230_30_420.png,0,45,-30,35,20,230,30,420,None,8.0
sedan2door_-20_15_-30_10_15_230_30_420.png,-20,15,-30,10,15,230,30,420,None,8.0
sedan4door_-40_23_-8_10_15_20_60_420.png,-40,23,-8,10,15,20,60,420,0.4300416761302907,2.0
hybrid_-40_23_-8_35_15_80_60_420.png,-40,23,-8,35,15,80,60,420,0.7140972025891542,20.0
sedan2door_-20_23_-30_10_15_140_30_420.png,-20,23,-30,10,15,140,30,420,0.9582292663509767,4.0
sedan2door_-20_15_-8_10_15_80_30_420.png,-20,15,-8,10,15,80,30,420,0.5209762955065455,0.0
suv_-40_45_-30_35_20_230_30_420.png,-40,45,-30,35,20,230,30,420,0.4005283390356963,31.0
sedan4door_-20_23_-30_10_15_230_60_420.png,-20,23,-30,10,15,230,60,420,0.7161646286404377,9.0
hatchback_-40_23_-8_35_20_140_60_420.png,-40,23,-8,35,20,140,60,420,0.6162302077029835,2.0
sedan4door_0_15_-30_35_20_20_30_420.png,0,15,-30,35,20,20,30,420,0.5370946238647227,20.0
sedan2door_0_15_-8_10_15_230_30_420.png,0,15,-8,10,15,230,30,420,None,11.0
hatchback_-20_23_-8_35_15_20_30_420.png,-20,23,-8,35,15,20,30,420,0.6456343410326087,17.0
hatchback_0_45_-8_35_15_20_30_420.png,0,45,-8,35,15,20,30,420,0.44085881804837646,6.0
hatchback_-20_23_-30_35_15_80_30_420.png,-20,23,-30,35,15,80,30,420,0.8030086371313866,13.0
sedan4door_-20_23_-8_10_20_140_60_420.png,-20,23,-8,10,20,140,60,420,0.7519529788663458,15.0
hatchback_-20_45_-30_35_15_20_30_420.png,-20,45,-30,35,15,20,30,420,0.6982734860248447,28.0
hybrid_-20_23_-8_35_20_20_60_420.png,-20,23,-8,35,20,20,60,420,0.6197773135223529,9.0
suv_-20_45_-30_10_15_80_60_420.png,-20,45,-30,10,15,80,60,420,0.6941736152002019,16.0
sedan2door_0_45_-8_10_15_20_30_420.png,0,45,-8,10,15,20,30,420,0.3564465196940487,10.0
sedan2door_-40_15_-30_35_15_80_30_420.png,-40,15,-30,35,15,80,30,420,0.6092709202676805,11.0
hatchback_-40_45_-8_35_15_140_60_420.png,-40,45,-8,35,15,140,60,420,0.6603538852017996,0.0
sedan2door_-40_45_-8_35_20_140_30_420.png,-40,45,-8,35,20,140,30,420,0.6700726515542825,17.0
hatchback_-40_23_-8_10_20_80_30_420.png,-40,23,-8,10,20,80,30,420,0.7210433222510542,19.0
sedan4door_0_23_-8_35_20_140_60_420.png,0,23,-8,35,20,140,60,420,0.14731623554273665,4.0
suv_-40_15_-30_35_20_230_30_420.png,-40,15,-30,35,20,230,30,420,0.38686807364917064,29.0
suv_-40_45_-8_35_15_80_60_420.png,-40,45,-8,35,15,80,60,420,0.7327730321545604,19.0
hybrid_-20_15_-30_35_15_140_60_420.png,-20,15,-30,35,15,140,60,420,0.7842843600745723,10.0
sedan4door_-20_23_-8_35_20_20_60_420.png,-20,23,-8,35,20,20,60,420,0.5745813835555913,23.0
sedan2door_-20_45_-30_35_20_80_60_420.png,-20,45,-30,35,20,80,60,420,0.8473498826073785,11.0
hybrid_0_15_-8_10_20_230_60_420.png,0,15,-8,10,20,230,60,420,0.2492248423062299,2.0
sedan4door_-20_23_-30_35_15_20_60_420.png,-20,23,-30,35,15,20,60,420,0.6222490979139889,28.0
sedan4door_-20_23_-8_10_20_230_30_420.png,-20,23,-8,10,20,230,30,420,0.7367752135987301,6.0
hatchback_0_45_-8_35_20_20_30_420.png,0,45,-8,35,20,20,30,420,0.4168434976778776,7.0
hybrid_-40_23_-30_10_20_80_30_420.png,-40,23,-30,10,20,80,30,420,0.702852217178771,20.0
sedan2door_0_23_-8_35_15_20_60_420.png,0,23,-8,35,15,20,60,420,0.16836048059960454,11.0
sedan2door_0_15_-8_35_15_140_60_420.png,0,15,-8,35,15,140,60,420,0.14703506416927983,3.0
sedan2door_0_23_-8_10_20_80_30_420.png,0,23,-8,10,20,80,30,420,0.29933289558656756,8.0
hybrid_-20_45_-30_10_20_140_60_420.png,-20,45,-30,10,20,140,60,420,0.6400632361990155,14.0
sedan2door_0_23_-30_10_20_80_60_420.png,0,23,-30,10,20,80,60,420,0.08232317194367211,2.0
hatchback_0_15_-8_35_15_140_60_420.png,0,15,-8,35,15,140,60,420,0.1820712250576882,2.0
sedan2door_0_45_-8_10_15_20_60_420.png,0,45,-8,10,15,20,60,420,0.18635723786081926,10.0
sedan4door_-40_45_-8_10_20_230_60_420.png,-40,45,-8,10,20,230,60,420,0.5988282199821375,19.0
sedan4door_0_45_-30_35_20_140_60_420.png,0,45,-30,35,20,140,60,420,0.2687114502965223,7.0
sedan4door_-40_45_-8_35_15_230_60_420.png,-40,45,-8,35,15,230,60,420,0.6188391663081699,19.0
hatchback_-40_15_-30_35_20_140_30_420.png,-40,15,-30,35,20,140,30,420,0.750494665081294,20.0
sedan2door_-40_15_-30_10_15_230_30_420.png,-40,15,-30,10,15,230,30,420,None,23.0
sedan4door_-20_15_-30_35_20_140_60_420.png,-20,15,-30,35,20,140,60,420,0.906405096518356,18.0
hybrid_-40_45_-8_35_20_140_60_420.png,-40,45,-8,35,20,140,60,420,0.7759763085647289,14.0
hybrid_0_15_-8_35_20_230_30_420.png,0,15,-8,35,20,230,30,420,0.06650505297111742,4.0
sedan4door_-40_15_-8_35_20_230_30_420.png,-40,15,-8,35,20,230,30,420,0.6804034049616807,14.0
hybrid_-20_23_-30_10_20_140_30_420.png,-20,23,-30,10,20,140,30,420,0.8989946652588304,15.0
sedan4door_-20_15_-30_10_20_140_60_420.png,-20,15,-30,10,20,140,60,420,0.872973126215832,17.0
hatchback_0_23_-8_10_15_80_30_420.png,0,23,-8,10,15,80,30,420,0.2890495131274955,14.0
sedan4door_-40_15_-30_10_20_230_60_420.png,-40,15,-30,10,20,230,60,420,0.5736270473045291,20.0
hybrid_0_15_-8_10_15_20_60_420.png,0,15,-8,10,15,20,60,420,0.10618333349306142,2.0
suv_-40_15_-8_35_20_140_60_420.png,-40,15,-8,35,20,140,60,420,0.6594424342501929,20.0
sedan4door_-40_45_-30_10_15_230_60_420.png,-40,45,-30,10,15,230,60,420,0.5766626501004581,20.0
sedan4door_-40_15_-30_35_15_230_30_420.png,-40,15,-30,35,15,230,30,420,0.7189581830777406,18.0
sedan2door_-40_15_-8_10_15_20_60_420.png,-40,15,-8,10,15,20,60,420,0.3774270947441822,3.0
sedan2door_-40_23_-30_10_20_80_30_420.png,-40,23,-30,10,20,80,30,420,0.6181990294263106,13.0
suv_-40_15_-30_35_20_230_60_420.png,-40,15,-30,35,20,230,60,420,0.6783538005687387,20.0
sedan4door_0_23_-30_10_15_140_30_420.png,0,23,-30,10,15,140,30,420,0.13902593797253024,4.0
sedan2door_-40_45_-8_10_15_140_60_420.png,-40,45,-8,10,15,140,60,420,0.6555726901461958,20.0
suv_-40_23_-8_10_15_20_30_420.png,-40,23,-8,10,15,20,30,420,0.7465071457746982,11.0
sedan4door_-20_23_-8_35_20_140_60_420.png,-20,23,-8,35,20,140,60,420,0.7602006161774242,15.0
hybrid_-20_23_-8_10_15_230_30_420.png,-20,23,-8,10,15,230,30,420,0.6455080840087022,6.0
hybrid_0_15_-30_10_15_140_60_420.png,0,15,-30,10,15,140,60,420,0.18936801628932026,3.0
hatchback_0_23_-8_10_15_20_30_420.png,0,23,-8,10,15,20,30,420,0.14956649582299833,3.0
sedan2door_-40_15_-30_35_15_230_60_420.png,-40,15,-30,35,15,230,60,420,0.6436509052109638,19.0
hatchback_-40_23_-8_10_20_20_30_420.png,-40,23,-8,10,20,20,30,420,0.7185806906099402,13.0
sedan4door_0_23_-8_10_20_230_60_420.png,0,23,-8,10,20,230,60,420,0.2127827075576963,1.0
hatchback_0_45_-8_10_15_230_60_420.png,0,45,-8,10,15,230,60,420,0.26394505614232977,9.0
sedan4door_0_15_-30_10_15_230_60_420.png,0,15,-30,10,15,230,60,420,0.23187411989097287,4.0
hatchback_-40_45_-8_35_15_230_60_420.png,-40,45,-8,35,15,230,60,420,0.6685793229596043,20.0
sedan2door_0_45_-30_10_20_80_30_420.png,0,45,-30,10,20,80,30,420,0.42997412527761153,9.0
suv_-20_15_-30_10_20_230_30_420.png,-20,15,-30,10,20,230,30,420,0.02545460171838774,13.0
suv_0_15_-8_35_20_20_60_420.png,0,15,-8,35,20,20,60,420,0.1349849013848907,6.0
sedan4door_-40_15_-8_10_15_20_60_420.png,-40,15,-8,10,15,20,60,420,0.4395973339300983,2.0
sedan2door_-20_45_-8_35_20_80_60_420.png,-20,45,-8,35,20,80,60,420,0.8539250791032719,12.0
sedan4door_0_23_-30_10_15_80_60_420.png,0,23,-30,10,15,80,60,420,0.3103551051672173,9.0
hatchback_0_45_-8_35_20_80_30_420.png,0,45,-8,35,20,80,30,420,0.35212794779994205,11.0
hatchback_0_15_-8_10_15_20_60_420.png,0,15,-8,10,15,20,60,420,0.06904272495764979,5.0
suv_-40_15_-30_10_15_20_60_420.png,-40,15,-30,10,15,20,60,420,0.4471501837222572,1.0
suv_-20_23_-30_10_15_20_60_420.png,-20,23,-30,10,15,20,60,420,0.4378685740825104,16.0
hybrid_0_15_-8_35_15_230_30_420.png,0,15,-8,35,15,230,30,420,0.06452373859009457,4.0
hybrid_-40_45_-8_10_15_140_30_420.png,-40,45,-8,10,15,140,30,420,0.8000816522642623,11.0
hybrid_-40_23_-8_10_15_20_60_420.png,-40,23,-8,10,15,20,60,420,0.5607437078436744,13.0
sedan2door_-20_45_-30_10_20_20_30_420.png,-20,45,-30,10,20,20,30,420,0.7209980861308202,22.0
hatchback_0_23_-30_35_20_230_30_420.png,0,23,-30,35,20,230,30,420,0.6823211039765394,29.0
sedan4door_-20_23_-8_35_20_80_30_420.png,-20,23,-8,35,20,80,30,420,0.5973477783392,15.0
hybrid_-40_23_-30_10_20_230_30_420.png,-40,23,-30,10,20,230,30,420,0.7465190383217307,7.0
hatchback_-40_23_-30_10_20_230_30_420.png,-40,23,-30,10,20,230,30,420,0.6630609580236778,16.0
hatchback_-40_15_-8_10_20_140_30_420.png,-40,15,-8,10,20,140,30,420,0.7741147590251005,20.0
hatchback_0_45_-30_35_15_140_60_420.png,0,45,-30,35,15,140,60,420,0.22004784429557814,3.0
hybrid_-40_45_-30_35_15_140_30_420.png,-40,45,-30,35,15,140,30,420,0.7946496416431988,12.0
hybrid_0_45_-8_35_15_230_30_420.png,0,45,-8,35,15,230,30,420,0.06623272817642963,3.0
sedan2door_-20_45_-30_10_15_20_30_420.png,-20,45,-30,10,15,20,30,420,0.7168419008338804,22.0
suv_-40_45_-30_35_20_80_30_420.png,-40,45,-30,35,20,80,30,420,0.5571587953724259,14.0
hybrid_0_23_-8_35_15_20_60_420.png,0,23,-8,35,15,20,60,420,0.11039893809778234,2.0
hatchback_-40_45_-30_10_20_20_60_420.png,-40,45,-30,10,20,20,60,420,0.45166995921964626,0.0
sedan4door_-40_23_-8_10_15_140_60_420.png,-40,23,-8,10,15,140,60,420,0.5715358432615267,12.0
hatchback_-20_23_-30_10_20_140_60_420.png,-20,23,-30,10,20,140,60,420,0.6640536017032362,12.0
hatchback_-40_45_-30_35_15_20_30_420.png,-40,45,-30,35,15,20,30,420,0.7635876739135168,15.0
sedan4door_-20_45_-8_35_20_140_60_420.png,-20,45,-8,35,20,140,60,420,0.7928711327189745,14.0
sedan2door_-40_45_-8_10_15_20_60_420.png,-40,45,-8,10,15,20,60,420,0.4060358667910929,8.0
hatchback_-40_23_-8_10_15_140_30_420.png,-40,23,-8,10,15,140,30,420,0.7595367073573165,20.0
sedan4door_-20_15_-8_35_15_230_30_420.png,-20,15,-8,35,15,230,30,420,0.8533491374695726,4.0
sedan4door_-20_15_-8_35_20_20_30_420.png,-20,15,-8,35,20,20,30,420,0.739126202358872,32.0
sedan4door_-20_15_-8_10_15_20_60_420.png,-20,15,-8,10,15,20,60,420,0.5913497231817695,21.0
hybrid_-40_23_-8_10_20_140_30_420.png,-40,23,-8,10,20,140,30,420,0.7613980197167212,8.0
sedan2door_-20_23_-30_10_20_140_60_420.png,-20,23,-30,10,20,140,60,420,0.5240957442618475,14.0
suv_-20_45_-30_35_15_140_30_420.png,-20,45,-30,35,15,140,30,420,0.5078155340591343,11.0
sedan2door_0_23_-30_35_15_140_60_420.png,0,23,-30,35,15,140,60,420,0.1658118092890017,2.0
hatchback_-20_15_-30_35_20_140_30_420.png,-20,15,-30,35,20,140,30,420,0.6867347531691732,30.0
sedan4door_-20_45_-8_10_15_20_30_420.png,-20,45,-8,10,15,20,30,420,0.68873177504602,21.0
suv_0_23_-8_35_20_20_60_420.png,0,23,-8,35,20,20,60,420,0.10835892824146114,5.0
sedan4door_-40_15_-30_35_20_230_30_420.png,-40,15,-30,35,20,230,30,420,0.7239659202522396,18.0
hybrid_-40_45_-8_35_15_140_60_420.png,-40,45,-8,35,15,140,60,420,0.7800552345491271,12.0
sedan2door_0_23_-8_35_20_20_60_420.png,0,23,-8,35,20,20,60,420,0.16940684354039043,10.0
hybrid_-20_23_-8_35_20_80_60_420.png,-20,23,-8,35,20,80,60,420,0.6975027611746362,11.0
sedan2door_-20_23_-30_10_20_80_60_420.png,-20,23,-30,10,20,80,60,420,0.8769044086399287,13.0
sedan4door_-40_23_-30_35_15_80_30_420.png,-40,23,-30,35,15,80,30,420,0.608901720698768,18.0
sedan4door_0_23_-8_35_20_80_30_420.png,0,23,-8,35,20,80,30,420,0.22179523964339434,14.0
hatchback_-20_45_-30_10_20_80_60_420.png,-20,45,-30,10,20,80,60,420,0.7313620461195318,12.0
suv_-20_45_-30_35_20_20_30_420.png,-20,45,-30,35,20,20,30,420,0.6867225804433207,31.0
sedan2door_0_15_-8_35_20_230_60_420.png,0,15,-8,35,20,230,60,420,0.22837050865436423,1.0
sedan4door_-20_15_-30_35_15_80_30_420.png,-20,15,-30,35,15,80,30,420,0.8421367000135386,11.0
sedan4door_-20_15_-8_10_20_230_60_420.png,-20,15,-8,10,20,230,60,420,0.8300569587020282,14.0
suv_-20_15_-8_10_20_230_30_420.png,-20,15,-8,10,20,230,30,420,0.035569592169541114,14.0
suv_0_15_-8_10_15_20_30_420.png,0,15,-8,10,15,20,30,420,0.18666510951499593,12.0
sedan2door_-20_45_-8_35_15_20_30_420.png,-20,45,-8,35,15,20,30,420,0.7264514888805423,22.0
hatchback_-40_23_-8_35_20_140_30_420.png,-40,23,-8,35,20,140,30,420,0.763422823735543,20.0
suv_-40_15_-30_35_15_20_60_420.png,-40,15,-30,35,15,20,60,420,0.41996314794683615,1.0
sedan4door_-40_15_-30_10_20_80_30_420.png,-40,15,-30,10,20,80,30,420,0.5892624368630855,17.0
sedan2door_-40_23_-8_10_20_230_30_420.png,-40,23,-8,10,20,230,30,420,None,27.0
suv_-20_45_-30_10_20_230_60_420.png,-20,45,-30,10,20,230,60,420,0.744108103239986,20.0
sedan2door_-40_23_-30_10_20_140_30_420.png,-40,23,-30,10,20,140,30,420,0.6537057832163317,17.0
hybrid_-20_23_-30_10_15_20_60_420.png,-20,23,-30,10,15,20,60,420,0.6053454451425069,9.0
sedan4door_0_45_-30_35_20_230_30_420.png,0,45,-30,35,20,230,30,420,0.6477678074303732,17.0
hybrid_0_45_-8_10_20_140_30_420.png,0,45,-8,10,20,140,30,420,None,4.0
hybrid_-20_23_-8_10_20_140_60_420.png,-20,23,-8,10,20,140,60,420,0.7550912992081282,13.0
sedan2door_-20_15_-30_10_20_20_30_420.png,-20,15,-30,10,20,20,30,420,0.7183823958754166,30.0
suv_-40_15_-8_35_15_230_30_420.png,-40,15,-8,35,15,230,30,420,0.43266063886501954,28.0
hatchback_0_45_-30_10_15_20_60_420.png,0,45,-30,10,15,20,60,420,0.181188018697248,10.0
hatchback_0_15_-8_35_20_80_30_420.png,0,15,-8,35,20,80,30,420,0.4310998302461682,13.0
hatchback_0_15_-30_10_20_140_60_420.png,0,15,-30,10,20,140,60,420,0.23122665850721774,3.0
hybrid_-20_45_-30_10_20_20_60_420.png,-20,45,-30,10,20,20,60,420,0.6745930191493641,6.0
hatchback_-40_23_-8_10_15_230_30_420.png,-40,23,-8,10,15,230,30,420,0.6838603383976408,14.0
hatchback_0_45_-30_10_15_80_60_420.png,0,45,-30,10,15,80,60,420,0.09264903126034721,3.0
hatchback_0_23_-8_35_15_140_60_420.png,0,23,-8,35,15,140,60,420,0.1712493110399077,3.0
hybrid_0_15_-8_10_20_140_60_420.png,0,15,-8,10,20,140,60,420,0.1917534034696967,3.0
hatchback_-20_23_-8_10_20_230_30_420.png,-20,23,-8,10,20,230,30,420,0.7644589164749489,9.0
hatchback_-40_45_-30_35_20_140_60_420.png,-40,45,-30,35,20,140,60,420,0.6793854973788414,5.0
sedan4door_-20_15_-30_35_15_230_30_420.png,-20,15,-30,35,15,230,30,420,0.7128157222972197,19.0
hybrid_-20_15_-30_10_20_80_60_420.png,-20,15,-30,10,20,80,60,420,0.7749286019793832,9.0
sedan4door_-40_45_-30_10_20_20_60_420.png,-40,45,-30,10,20,20,60,420,0.33642066671788157,2.0
sedan4door_0_23_-30_10_15_230_60_420.png,0,23,-30,10,15,230,60,420,0.25265790613157274,4.0
hybrid_-20_45_-8_10_20_80_30_420.png,-20,45,-8,10,20,80,30,420,0.4730096517060166,11.0
hybrid_-20_45_-30_10_20_80_30_420.png,-20,45,-30,10,20,80,30,420,0.481246719505911,11.0
hatchback_-40_15_-8_10_15_20_30_420.png,-40,15,-8,10,15,20,30,420,0.6834303942221158,14.0
sedan2door_-20_23_-30_35_20_230_60_420.png,-20,23,-30,35,20,230,60,420,0.6989372869532192,10.0
sedan2door_-40_15_-30_10_20_20_30_420.png,-40,15,-30,10,20,20,30,420,0.6790719508031339,6.0
sedan4door_0_15_-30_10_15_20_30_420.png,0,15,-30,10,15,20,30,420,0.49321786991116956,18.0
hatchback_-20_45_-8_35_15_20_30_420.png,-20,45,-8,35,15,20,30,420,0.6890822132181676,23.0
sedan2door_-40_45_-30_10_20_20_60_420.png,-40,45,-30,10,20,20,60,420,0.3953674302921791,7.0
suv_0_23_-30_10_15_230_30_420.png,0,23,-30,10,15,230,30,420,0.10590092178019558,8.0
sedan4door_-20_15_-8_10_20_80_30_420.png,-20,15,-8,10,20,80,30,420,0.6151250915669001,17.0
sedan2door_-40_15_-8_35_20_140_30_420.png,-40,15,-8,35,20,140,30,420,0.646764192072455,15.0
sedan2door_-40_23_-30_35_20_230_30_420.png,-40,23,-30,35,20,230,30,420,None,26.0
suv_0_45_-8_35_15_20_30_420.png,0,45,-8,35,15,20,30,420,0.6014375604527868,16.0
hybrid_0_15_-30_10_15_20_30_420.png,0,15,-30,10,15,20,30,420,0.11718730484940272,4.0
hatchback_0_23_-8_10_15_140_30_420.png,0,23,-8,10,15,140,30,420,0.37026687585826157,3.0
sedan4door_-40_15_-30_10_15_80_60_420.png,-40,15,-30,10,15,80,60,420,0.780753900811434,20.0
hatchback_0_23_-30_10_20_230_60_420.png,0,23,-30,10,20,230,60,420,0.24476830073318293,19.0
hybrid_-40_45_-30_10_20_140_60_420.png,-40,45,-30,10,20,140,60,420,0.7767716701105126,13.0
hatchback_-40_45_-30_10_15_140_30_420.png,-40,45,-30,10,15,140,30,420,0.7539982426458264,20.0
hatchback_0_45_-30_35_20_80_60_420.png,0,45,-30,35,20,80,60,420,0.07998810539203793,2.0
hatchback_-20_45_-30_10_15_80_60_420.png,-20,45,-30,10,15,80,60,420,0.7053599266116654,11.0
sedan4door_-40_45_-8_10_15_20_60_420.png,-40,45,-8,10,15,20,60,420,0.4931704086949551,5.0
hatchback_-20_15_-30_10_20_80_30_420.png,-20,15,-30,10,20,80,30,420,0.8776995447521357,14.0
suv_-40_23_-8_10_20_230_30_420.png,-40,23,-8,10,20,230,30,420,0.3439586742504223,30.0
suv_-40_15_-30_35_20_140_60_420.png,-40,15,-30,35,20,140,60,420,0.6624870557893594,20.0
suv_0_23_-8_35_15_230_60_420.png,0,23,-8,35,15,230,60,420,0.4523001478883786,2.0
sedan4door_0_45_-30_10_15_20_30_420.png,0,45,-30,10,15,20,30,420,0.4001337249541906,17.0
hybrid_-20_45_-8_35_15_140_30_420.png,-20,45,-8,35,15,140,30,420,0.8608324596321119,17.0
suv_-20_45_-8_10_20_230_30_420.png,-20,45,-8,10,20,230,30,420,0.14538899386314869,15.0
hatchback_0_15_-8_10_20_80_30_420.png,0,15,-8,10,20,80,30,420,0.31601563757808476,15.0
hatchback_-40_23_-8_10_20_20_60_420.png,-40,23,-8,10,20,20,60,420,0.2935766741604924,6.0
hybrid_-40_23_-30_35_20_140_30_420.png,-40,23,-30,35,20,140,30,420,0.7623080467992975,9.0
hybrid_-40_15_-8_35_15_140_30_420.png,-40,15,-8,35,15,140,30,420,0.7764706278956214,9.0
sedan4door_-20_23_-8_10_15_80_30_420.png,-20,23,-8,10,15,80,30,420,0.5945639405921205,19.0
suv_0_23_-30_10_20_80_30_420.png,0,23,-30,10,20,80,30,420,0.2436406851732991,8.0
hybrid_0_15_-8_10_15_80_60_420.png,0,15,-8,10,15,80,60,420,0.16041286312188285,1.0
suv_-40_45_-30_35_15_230_60_420.png,-40,45,-30,35,15,230,60,420,0.6999330238625224,20.0
suv_0_15_-30_35_15_20_30_420.png,0,15,-30,35,15,20,30,420,0.4388054733862288,20.0
hatchback_-40_15_-8_10_20_80_60_420.png,-40,15,-8,10,20,80,60,420,0.7999894527241534,20.0
sedan4door_-40_45_-30_35_15_20_60_420.png,-40,45,-30,35,15,20,60,420,0.358230847851646,2.0
suv_-40_45_-30_10_20_140_30_420.png,-40,45,-30,10,20,140,30,420,0.6820099578246618,20.0
hybrid_-40_45_-30_35_15_140_60_420.png,-40,45,-30,35,15,140,60,420,0.7812817419088968,12.0
hatchback_0_45_-30_10_20_140_60_420.png,0,45,-30,10,20,140,60,420,0.1264127874347095,5.0
hybrid_-40_45_-8_10_15_230_60_420.png,-40,45,-8,10,15,230,60,420,0.5913665299489338,19.0
hatchback_0_15_-8_10_20_20_60_420.png,0,15,-8,10,20,20,60,420,0.06528191450829172,5.0
sedan2door_-20_23_-30_35_20_230_30_420.png,-20,23,-30,35,20,230,30,420,None,11.0
sedan4door_-20_23_-8_10_20_20_60_420.png,-20,23,-8,10,20,20,60,420,0.571068812928449,21.0
suv_-20_45_-8_10_15_20_30_420.png,-20,45,-8,10,15,20,30,420,0.6450322659699405,25.0
hatchback_-40_23_-30_35_20_20_30_420.png,-40,23,-30,35,20,20,30,420,0.7394986219372351,12.0
hybrid_-40_23_-30_35_20_230_60_420.png,-40,23,-30,35,20,230,60,420,0.6087957905747149,17.0
hatchback_-40_23_-8_10_20_140_30_420.png,-40,23,-8,10,20,140,30,420,0.7651647093949044,20.0
hybrid_-40_15_-30_35_20_80_30_420.png,-40,15,-30,35,20,80,30,420,0.7290751875314818,20.0
suv_-20_23_-30_10_20_80_60_420.png,-20,23,-30,10,20,80,60,420,0.8437739211810229,16.0
sedan4door_-40_15_-8_10_15_230_30_420.png,-40,15,-8,10,15,230,30,420,0.6611806313822589,10.0
hatchback_-40_45_-30_10_20_140_30_420.png,-40,45,-30,10,20,140,30,420,0.7587466673126886,20.0
hatchback_-40_45_-8_35_15_230_30_420.png,-40,45,-8,35,15,230,30,420,0.6987643443449499,14.0
sedan2door_-20_45_-30_35_15_230_60_420.png,-20,45,-30,35,15,230,60,420,0.6649988955309613,6.0
suv_-40_23_-8_10_20_80_30_420.png,-40,23,-8,10,20,80,30,420,0.6409734758023569,19.0
sedan4door_-40_23_-30_10_20_140_30_420.png,-40,23,-30,10,20,140,30,420,0.6902248928616116,20.0
suv_-40_45_-30_35_15_140_60_420.png,-40,45,-30,35,15,140,60,420,0.6790684577283909,20.0
sedan4door_0_45_-8_35_20_140_30_420.png,0,45,-8,35,20,140,30,420,0.172508544921875,4.0
sedan4door_-40_15_-8_35_20_80_60_420.png,-40,15,-8,35,20,80,60,420,0.7797047107951909,20.0
suv_-40_45_-8_10_15_230_60_420.png,-40,45,-8,10,15,230,60,420,0.7069015688259109,20.0
sedan4door_0_23_-30_10_20_140_60_420.png,0,23,-30,10,20,140,60,420,0.25234056189004206,6.0
sedan2door_-20_15_-30_10_20_140_30_420.png,-20,15,-30,10,20,140,30,420,0.944452078314744,4.0
hybrid_-20_15_-30_35_15_230_60_420.png,-20,15,-30,35,15,230,60,420,0.7554602260593549,14.0
hatchback_-40_15_-30_10_15_230_30_420.png,-40,15,-30,10,15,230,30,420,0.6917916174953551,17.0
sedan4door_-40_23_-30_35_15_80_60_420.png,-40,23,-30,35,15,80,60,420,0.7835638832086089,20.0
sedan2door_0_45_-8_10_15_140_60_420.png,0,45,-8,10,15,140,60,420,0.18340457269477184,3.0
sedan4door_-20_45_-30_10_15_20_30_420.png,-20,45,-30,10,15,20,30,420,0.6982183821888771,24.0
hatchback_-40_45_-30_35_15_140_30_420.png,-40,45,-30,35,15,140,30,420,0.7503658426395408,20.0
suv_0_15_-30_35_20_140_30_420.png,0,15,-30,35,20,140,30,420,0.23636803260216346,1.0
hybrid_-20_23_-30_35_15_230_30_420.png,-20,23,-30,35,15,230,30,420,0.6298165100749277,7.0
sedan4door_-40_15_-8_35_15_80_30_420.png,-40,15,-8,35,15,80,30,420,0.6665891153385469,20.0
hybrid_-20_23_-30_10_20_20_30_420.png,-20,23,-30,10,20,20,30,420,0.5988888241120399,7.0
hatchback_-20_23_-30_10_20_20_30_420.png,-20,23,-30,10,20,20,30,420,0.6170383467585404,20.0
sedan4door_-40_23_-30_10_15_230_60_420.png,-40,23,-30,10,15,230,60,420,0.5721750028752629,20.0
hybrid_-40_45_-30_10_15_230_30_420.png,-40,45,-30,10,15,230,30,420,0.7773394793185131,7.0
suv_-20_45_-30_35_15_230_60_420.png,-20,45,-30,35,15,230,60,420,0.7846416443183803,18.0
hatchback_-20_15_-8_10_20_140_60_420.png,-20,15,-8,10,20,140,60,420,0.6069058760669773,11.0
sedan2door_-40_23_-30_35_15_140_60_420.png,-40,23,-30,35,15,140,60,420,0.6215221602520435,19.0
hybrid_-40_23_-30_10_15_80_60_420.png,-40,23,-30,10,15,80,60,420,0.7107251033064643,19.0
suv_-20_45_-30_10_15_140_60_420.png,-20,45,-30,10,15,140,60,420,0.6880575971849017,8.0
sedan4door_-20_23_-30_10_15_230_30_420.png,-20,23,-30,10,15,230,30,420,0.7000630572407917,13.0
sedan4door_-20_45_-30_10_20_140_60_420.png,-20,45,-30,10,20,140,60,420,0.8628093357192738,17.0
sedan4door_0_45_-8_10_15_230_30_420.png,0,45,-8,10,15,230,30,420,0.296855222261869,15.0
suv_-40_23_-30_10_15_140_30_420.png,-40,23,-30,10,15,140,30,420,0.6674123301693384,20.0
sedan2door_-20_45_-30_35_15_80_30_420.png,-20,45,-30,35,15,80,30,420,0.5921714200552208,3.0
hybrid_-20_45_-30_35_20_80_60_420.png,-20,45,-30,35,20,80,60,420,0.7689030827702703,10.0
hatchback_0_23_-8_35_20_20_30_420.png,0,23,-8,35,20,20,30,420,0.22281738992684555,4.0
suv_-20_15_-8_10_20_140_60_420.png,-20,15,-8,10,20,140,60,420,0.751099301216158,11.0
sedan2door_-20_45_-8_35_15_20_60_420.png,-20,45,-8,35,15,20,60,420,0.4698092639968748,17.0
hybrid_0_23_-8_35_20_20_60_420.png,0,23,-8,35,20,20,60,420,0.11262838019555509,2.0
hatchback_-20_23_-8_35_15_80_30_420.png,-20,23,-8,35,15,80,30,420,0.7952376093518975,14.0
sedan2door_-20_15_-8_35_20_80_30_420.png,-20,15,-8,35,20,80,30,420,0.5491056398068235,4.0
hatchback_-40_23_-8_10_20_80_60_420.png,-40,23,-8,10,20,80,60,420,0.8042876555284761,20.0
hybrid_-20_23_-30_10_20_230_30_420.png,-20,23,-30,10,20,230,30,420,0.6005946456342108,6.0
sedan4door_-20_45_-30_10_15_230_30_420.png,-20,45,-30,10,15,230,30,420,0.6621816135976292,14.0
sedan2door_-20_15_-8_10_15_20_30_420.png,-20,15,-8,10,15,20,30,420,0.7180928102275023,30.0
hatchback_-20_15_-30_10_20_140_30_420.png,-20,15,-30,10,20,140,30,420,0.6988526995757314,30.0
suv_-40_15_-8_35_20_80_30_420.png,-40,15,-8,35,20,80,30,420,0.6291712853355848,19.0
sedan2door_-40_23_-8_35_15_80_60_420.png,-40,23,-8,35,15,80,60,420,0.8194409299299129,18.0
sedan2door_-20_23_-30_35_20_140_60_420.png,-20,23,-30,35,20,140,60,420,0.5373945977691575,14.0
suv_-20_45_-30_10_15_20_60_420.png,-20,45,-30,10,15,20,60,420,0.4709896491569676,17.0
sedan4door_-40_15_-30_10_20_80_60_420.png,-40,15,-30,10,20,80,60,420,0.7800855803675021,20.0
suv_-40_15_-30_10_15_140_30_420.png,-40,15,-30,10,15,140,30,420,0.682209079931894,20.0
suv_0_23_-8_10_20_20_30_420.png,0,23,-8,10,20,20,30,420,0.182011153993702,11.0
hatchback_-20_15_-30_10_20_20_30_420.png,-20,15,-30,10,20,20,30,420,0.6113533579192546,23.0
suv_-20_45_-8_35_15_230_30_420.png,-20,45,-8,35,15,230,30,420,0.17875842976120282,12.0
hatchback_-20_15_-8_35_20_80_60_420.png,-20,15,-8,35,20,80,60,420,0.7289428991989639,8.0
hybrid_-40_15_-30_35_15_140_60_420.png,-40,15,-30,35,15,140,60,420,0.8005117763086614,9.0
sedan4door_-20_23_-30_10_20_20_60_420.png,-20,23,-30,10,20,20,60,420,0.6035089304841473,26.0
sedan4door_0_45_-8_35_15_140_60_420.png,0,45,-8,35,15,140,60,420,0.13183408198626784,4.0
sedan2door_0_45_-8_35_20_80_30_420.png,0,45,-8,35,20,80,30,420,0.40391666658463016,9.0
hybrid_-40_23_-30_10_20_140_60_420.png,-40,23,-30,10,20,140,60,420,0.7615049606859832,11.0
hybrid_0_15_-30_10_15_230_30_420.png,0,15,-30,10,15,230,30,420,0.07071681621947574,4.0
sedan2door_-20_23_-30_35_15_140_60_420.png,-20,23,-30,35,15,140,60,420,0.5057075187654044,14.0
sedan4door_-40_15_-30_35_15_80_60_420.png,-40,15,-30,35,15,80,60,420,0.7820119090998086,20.0
hatchback_-40_45_-30_35_15_230_60_420.png,-40,45,-30,35,15,230,60,420,0.6829120231130521,20.0
hybrid_-40_45_-8_10_15_80_30_420.png,-40,45,-8,10,15,80,30,420,0.6799648888262433,20.0
hybrid_0_23_-30_35_20_20_60_420.png,0,23,-30,35,20,20,60,420,0.11292422030734876,2.0
suv_0_45_-30_35_20_140_60_420.png,0,45,-30,35,20,140,60,420,0.2424565058609972,6.0
sedan4door_-20_23_-30_35_15_230_30_420.png,-20,23,-30,35,15,230,30,420,0.7134833391974954,19.0
sedan2door_-40_23_-30_35_20_230_60_420.png,-40,23,-30,35,20,230,60,420,0.6343242812236953,19.0
hatchback_-40_23_-8_10_15_230_60_420.png,-40,23,-8,10,15,230,60,420,0.6506758649783594,20.0
hatchback_-20_23_-8_35_15_230_30_420.png,-20,23,-8,35,15,230,30,420,0.9176544339105526,6.0
hybrid_0_23_-30_35_15_230_60_420.png,0,23,-30,35,15,230,60,420,0.25711841425619836,4.0
hatchback_-40_23_-8_35_15_140_30_420.png,-40,23,-8,35,15,140,30,420,0.7585283893888284,20.0
hatchback_-40_23_-30_10_15_230_60_420.png,-40,23,-30,10,15,230,60,420,0.6757060926685069,20.0
sedan4door_-40_23_-8_35_15_140_60_420.png,-40,23,-8,35,15,140,60,420,0.5619725487244397,12.0
sedan4door_0_45_-30_10_20_80_30_420.png,0,45,-30,10,20,80,30,420,0.3374112182525382,25.0
hybrid_-20_15_-30_35_15_80_60_420.png,-20,15,-30,35,15,80,60,420,0.7668822142454955,8.0
hybrid_-40_23_-30_35_20_140_60_420.png,-40,23,-30,35,20,140,60,420,0.761984777426944,11.0
sedan2door_-20_15_-30_10_20_80_30_420.png,-20,15,-30,10,20,80,30,420,0.5622362873971849,2.0
hybrid_-40_45_-30_35_20_140_30_420.png,-40,45,-30,35,20,140,30,420,0.7961392069971839,12.0
hatchback_-40_15_-30_35_15_80_30_420.png,-40,15,-30,35,15,80,30,420,0.6502138216800465,18.0
sedan2door_-20_23_-30_10_15_140_60_420.png,-20,23,-30,10,15,140,60,420,0.5179397135124916,14.0
hybrid_0_23_-8_10_20_230_60_420.png,0,23,-8,10,20,230,60,420,0.27318464407031967,3.0
sedan2door_-40_23_-8_35_15_230_60_420.png,-40,23,-8,35,15,230,60,420,0.6393477828414352,19.0
hybrid_0_15_-30_35_15_140_30_420.png,0,15,-30,35,15,140,30,420,None,1.0
hybrid_0_23_-30_10_20_140_30_420.png,0,23,-30,10,20,140,30,420,None,1.0
hybrid_-40_45_-8_10_20_20_60_420.png,-40,45,-8,10,20,20,60,420,0.590288339820133,13.0
sedan4door_-40_15_-30_10_15_20_60_420.png,-40,15,-30,10,15,20,60,420,0.31091084180606027,3.0
hatchback_-40_15_-30_10_20_140_60_420.png,-40,15,-30,10,20,140,60,420,0.6174402736759367,2.0
sedan2door_-20_15_-8_10_15_20_60_420.png,-20,15,-8,10,15,20,60,420,0.4350290043305511,15.0
sedan4door_0_15_-30_10_20_20_60_420.png,0,15,-30,10,20,20,60,420,0.28729193569907524,16.0
hatchback_-20_15_-30_35_15_230_30_420.png,-20,15,-30,35,15,230,30,420,0.7863094088098919,16.0
hybrid_-20_23_-30_35_20_230_30_420.png,-20,23,-30,35,20,230,30,420,0.6036267971086074,7.0
sedan2door_0_45_-30_35_20_20_60_420.png,0,45,-30,35,20,20,60,420,0.1790304444268087,9.0
hatchback_-40_15_-30_10_20_230_60_420.png,-40,15,-30,10,20,230,60,420,0.6731855459093812,20.0
hatchback_-40_23_-30_35_20_230_30_420.png,-40,23,-30,35,20,230,30,420,0.6959537728904486,17.0
sedan4door_-40_45_-8_35_15_80_60_420.png,-40,45,-8,35,15,80,60,420,0.7953891384586379,20.0
suv_0_45_-30_35_20_20_60_420.png,0,45,-30,35,20,20,60,420,0.19141196833539217,12.0
suv_-20_23_-30_35_15_140_30_420.png,-20,23,-30,35,15,140,30,420,0.5409100397421293,9.0
sedan2door_-40_15_-8_10_20_20_60_420.png,-40,15,-8,10,20,20,60,420,0.3758745480728515,2.0
suv_-40_45_-30_10_15_140_30_420.png,-40,45,-30,10,15,140,30,420,0.6764778380397517,20.0
sedan2door_0_15_-8_10_20_230_60_420.png,0,15,-8,10,20,230,60,420,0.2432184153589709,1.0
hybrid_-40_45_-8_35_20_20_30_420.png,-40,45,-8,35,20,20,30,420,0.5982717907984828,11.0
sedan4door_0_23_-8_10_15_140_60_420.png,0,23,-8,10,15,140,60,420,0.14739931195301703,3.0
sedan2door_-40_15_-8_10_15_230_30_420.png,-40,15,-8,10,15,230,30,420,None,24.0
hatchback_-40_45_-30_10_15_140_60_420.png,-40,45,-30,10,15,140,60,420,0.8186851185112345,3.0
hybrid_0_45_-8_35_20_140_30_420.png,0,45,-8,35,20,140,30,420,None,4.0
hatchback_0_45_-30_35_15_230_30_420.png,0,45,-30,35,15,230,30,420,0.8161693111633481,29.0
hybrid_0_23_-8_35_20_140_60_420.png,0,23,-8,35,20,140,60,420,0.13683146549401057,5.0
hatchback_-20_23_-30_10_20_80_60_420.png,-20,23,-30,10,20,80,60,420,0.7678365430736761,11.0
sedan4door_0_23_-8_10_20_230_30_420.png,0,23,-8,10,20,230,30,420,0.17875944284292367,12.0
hybrid_-20_23_-30_35_15_20_30_420.png,-20,23,-30,35,15,20,30,420,0.5962252939266691,7.0
hatchback_-40_15_-8_35_15_80_60_420.png,-40,15,-8,35,15,80,60,420,0.8051263017492946,20.0
suv_-20_15_-30_35_15_230_30_420.png,-20,15,-30,35,15,230,30,420,0.11143766583136792,9.0
sedan2door_-40_23_-30_35_20_140_60_420.png,-40,23,-30,35,20,140,60,420,0.6173277107131628,19.0
sedan2door_-40_23_-8_10_15_20_60_420.png,-40,23,-8,10,15,20,60,420,0.36335374245157964,4.0
sedan4door_0_45_-8_35_15_20_60_420.png,0,45,-8,35,15,20,60,420,0.332386127483053,19.0
hatchback_-20_15_-30_10_15_20_30_420.png,-20,15,-30,10,15,20,30,420,0.6204275038819875,24.0
hybrid_-40_15_-8_10_20_80_30_420.png,-40,15,-8,10,20,80,30,420,0.7309632471208444,20.0
hybrid_0_45_-8_10_20_20_30_420.png,0,45,-8,10,20,20,30,420,0.3749253512826396,10.0
suv_-40_45_-30_10_15_140_60_420.png,-40,45,-30,10,15,140,60,420,0.6836074101931796,20.0
sedan4door_-20_23_-30_10_20_80_60_420.png,-20,23,-30,10,20,80,60,420,0.7028626201837397,14.0
sedan4door_0_23_-30_10_15_20_30_420.png,0,23,-30,10,15,20,30,420,0.42031492740200765,13.0
hybrid_0_23_-8_10_15_140_60_420.png,0,23,-8,10,15,140,60,420,0.13767717952991432,4.0
hybrid_-20_23_-30_10_20_80_30_420.png,-20,23,-30,10,20,80,30,420,0.5199883898456664,15.0
suv_0_23_-30_10_15_140_30_420.png,0,23,-30,10,15,140,30,420,0.19281448364257814,1.0
suv_-40_15_-30_10_15_230_60_420.png,-40,15,-30,10,15,230,60,420,0.6462637669626082,20.0
hatchback_-40_23_-30_10_20_230_60_420.png,-40,23,-30,10,20,230,60,420,0.6737660035225774,20.0
suv_-20_45_-8_35_15_140_30_420.png,-20,45,-8,35,15,140,30,420,0.4698052457668807,12.0
sedan4door_-20_23_-8_10_20_20_30_420.png,-20,23,-8,10,20,20,30,420,0.8236888775485302,28.0
suv_-20_45_-30_35_20_140_60_420.png,-20,45,-30,35,20,140,60,420,0.6593381239226324,9.0
sedan4door_-20_23_-30_35_20_20_30_420.png,-20,23,-30,35,20,20,30,420,0.7510417683522062,31.0
hybrid_-20_23_-30_35_20_80_60_420.png,-20,23,-30,35,20,80,60,420,0.6924033859580735,11.0
sedan4door_0_23_-8_10_20_80_30_420.png,0,23,-8,10,20,80,30,420,0.04302026801732107,12.0
hatchback_-40_45_-30_10_15_20_30_420.png,-40,45,-30,10,15,20,30,420,0.7717692411673344,17.0
sedan4door_-40_45_-8_10_20_140_30_420.png,-40,45,-8,10,20,140,30,420,0.6926913893059726,20.0
hybrid_-40_45_-30_10_20_80_60_420.png,-40,45,-30,10,20,80,60,420,0.7484045335676152,20.0
hatchback_-40_23_-30_10_20_20_30_420.png,-40,23,-30,10,20,20,30,420,0.7523872283792022,12.0
sedan2door_0_23_-8_35_15_80_60_420.png,0,23,-8,35,15,80,60,420,0.09842244372111258,2.0
sedan4door_-20_45_-30_35_15_230_60_420.png,-20,45,-30,35,15,230,60,420,0.7384538296008532,9.0
hybrid_0_45_-30_10_20_230_30_420.png,0,45,-30,10,20,230,30,420,0.06867261019620029,3.0
sedan4door_-20_15_-8_35_20_230_30_420.png,-20,15,-8,35,20,230,30,420,0.8389878931606113,2.0
hatchback_-20_45_-30_35_20_20_30_420.png,-20,45,-30,35,20,20,30,420,0.6826439974767081,30.0
sedan2door_-40_15_-8_10_20_80_60_420.png,-40,15,-8,10,20,80,60,420,0.8245511108464888,18.0
hatchback_0_23_-8_35_20_230_60_420.png,0,23,-8,35,20,230,60,420,0.28535605376621465,13.0
hatchback_-40_45_-30_35_20_20_30_420.png,-40,45,-30,35,20,20,30,420,0.7630528694369448,16.0
hybrid_0_45_-30_10_15_80_60_420.png,0,45,-30,10,15,80,60,420,0.2016746581329192,1.0
sedan4door_-40_23_-30_35_15_140_60_420.png,-40,23,-30,35,15,140,60,420,0.5790952261723358,17.0
suv_0_15_-30_10_20_230_30_420.png,0,15,-30,10,20,230,30,420,0.04633145832883719,7.0
suv_-20_45_-8_35_20_20_60_420.png,-20,45,-8,35,20,20,60,420,0.5182122897929893,14.0
suv_-20_23_-30_35_20_80_60_420.png,-20,23,-30,35,20,80,60,420,0.6900725127229138,14.0
sedan2door_-20_23_-8_35_15_20_30_420.png,-20,23,-8,35,15,20,30,420,0.7155080413278961,32.0
hybrid_-40_23_-30_35_20_230_30_420.png,-40,23,-30,35,20,230,30,420,0.7509189050383327,8.0
hybrid_-40_15_-30_10_15_20_30_420.png,-40,15,-30,10,15,20,30,420,0.5496961164166789,5.0
sedan4door_0_15_-8_10_15_20_60_420.png,0,15,-8,10,15,20,60,420,0.35756772252284624,18.0
hybrid_-20_15_-8_35_20_140_60_420.png,-20,15,-8,35,20,140,60,420,0.7872471261683954,11.0
sedan2door_-20_15_-30_35_20_140_30_420.png,-20,15,-30,35,20,140,30,420,0.943077208248086,4.0
sedan4door_-20_15_-30_35_20_20_60_420.png,-20,15,-30,35,20,20,60,420,0.5855446574416239,28.0
hybrid_-40_23_-8_35_20_230_60_420.png,-40,23,-8,35,20,230,60,420,0.6028880146290618,18.0
hatchback_0_15_-30_10_20_20_60_420.png,0,15,-30,10,20,20,60,420,0.15320447630616976,10.0
sedan4door_0_23_-30_35_15_140_30_420.png,0,23,-30,35,15,140,30,420,0.21574195123487902,3.0
sedan4door_-20_45_-30_35_20_80_60_420.png,-20,45,-30,35,20,80,60,420,0.6491549545997292,13.0
hatchback_-20_23_-8_10_20_80_60_420.png,-20,23,-8,10,20,80,60,420,0.6695342478894858,9.0
hatchback_-40_23_-30_10_20_140_30_420.png,-40,23,-30,10,20,140,30,420,0.7604819236087831,20.0
sedan2door_-20_23_-8_10_20_230_30_420.png,-20,23,-8,10,20,230,30,420,None,12.0
hatchback_-20_23_-30_35_15_140_60_420.png,-20,23,-30,35,15,140,60,420,0.557366347582609,11.0
suv_-40_45_-30_35_20_20_60_420.png,-40,45,-30,35,20,20,60,420,0.4629843153579018,3.0
sedan2door_-20_45_-30_35_20_230_60_420.png,-20,45,-30,35,20,230,60,420,0.6265450796002411,5.0
hatchback_-40_45_-8_35_20_140_60_420.png,-40,45,-8,35,20,140,60,420,0.6656407039307515,0.0
suv_0_23_-8_10_20_80_30_420.png,0,23,-8,10,20,80,30,420,0.20490725790275996,6.0
hybrid_0_15_-8_35_15_80_60_420.png,0,15,-8,35,15,80,60,420,0.16562849493184423,1.0
suv_-20_45_-30_10_15_230_30_420.png,-20,45,-30,10,15,230,30,420,0.13648420783978518,13.0
hatchback_-20_23_-8_10_15_20_60_420.png,-20,23,-8,10,15,20,60,420,0.5263687893489483,11.0
suv_-40_45_-8_10_15_20_60_420.png,-40,45,-8,10,15,20,60,420,0.5181915316828664,4.0
sedan4door_-40_15_-8_35_15_20_30_420.png,-40,15,-8,35,15,20,30,420,0.6888823930234939,13.0
hybrid_-40_15_-8_35_20_80_30_420.png,-40,15,-8,35,20,80,30,420,0.7300054216703682,20.0
hybrid_-40_45_-8_35_20_230_30_420.png,-40,45,-8,35,20,230,30,420,0.7622937756102397,4.0
sedan4door_0_45_-8_10_15_20_60_420.png,0,45,-8,10,15,20,60,420,0.3247559473611528,19.0
sedan2door_-20_15_-30_35_20_230_30_420.png,-20,15,-30,35,20,230,30,420,None,8.0
hatchback_-20_45_-30_10_20_80_30_420.png,-20,45,-30,10,20,80,30,420,0.8539999756140134,13.0
sedan4door_0_23_-8_10_15_140_30_420.png,0,23,-8,10,15,140,30,420,0.1383731965095766,3.0
hybrid_0_45_-30_35_20_20_30_420.png,0,45,-30,35,20,20,30,420,0.3410039853510421,10.0
suv_-20_45_-8_35_20_80_30_420.png,-20,45,-8,35,20,80,30,420,0.5912434114355994,13.0
sedan4door_-20_23_-30_35_20_230_30_420.png,-20,23,-30,35,20,230,30,420,0.699271931367762,20.0
suv_0_45_-30_10_20_140_30_420.png,0,45,-30,10,20,140,30,420,0.14834993802584134,1.0
suv_-40_23_-8_10_20_80_60_420.png,-40,23,-8,10,20,80,60,420,0.8047769960062807,19.0
suv_-40_23_-8_10_20_230_60_420.png,-40,23,-8,10,20,230,60,420,0.6772393724696356,20.0
sedan4door_-20_15_-30_10_15_20_30_420.png,-20,15,-30,10,15,20,30,420,0.7103822969543148,32.0
sedan4door_-20_15_-30_10_20_80_60_420.png,-20,15,-30,10,20,80,60,420,0.7012165679801112,16.0
hatchback_0_23_-30_35_15_20_60_420.png,0,23,-30,35,15,20,60,420,0.1668939856195019,10.0
hatchback_0_45_-8_35_20_140_60_420.png,0,45,-8,35,20,140,60,420,0.19220737573004615,3.0
suv_-20_15_-8_10_15_20_30_420.png,-20,15,-8,10,15,20,30,420,0.6709187929972277,25.0
hybrid_-40_23_-30_10_20_20_30_420.png,-40,23,-30,10,20,20,30,420,0.5349084654850746,1.0
hatchback_0_45_-30_10_20_80_30_420.png,0,45,-30,10,20,80,30,420,0.4464314778645833,18.0
sedan4door_0_23_-30_10_15_140_60_420.png,0,23,-30,10,15,140,60,420,0.25682753146051646,7.0
hatchback_0_45_-8_10_20_20_30_420.png,0,45,-8,10,20,20,30,420,0.40385849580240063,6.0
hatchback_-40_45_-30_10_20_230_30_420.png,-40,45,-30,10,20,230,30,420,0.65641878024542,17.0
sedan2door_-20_45_-8_10_20_80_60_420.png,-20,45,-8,10,20,80,60,420,0.8472013667404403,11.0
sedan2door_-40_45_-8_10_15_140_30_420.png,-40,45,-8,10,15,140,30,420,0.672998303672051,17.0
sedan4door_-20_23_-30_35_20_140_60_420.png,-20,23,-30,35,20,140,60,420,0.892185804849611,18.0
sedan4door_0_45_-30_10_15_80_30_420.png,0,45,-30,10,15,80,30,420,0.3526118334208135,24.0
sedan4door_0_15_-30_35_15_80_30_420.png,0,15,-30,35,15,80,30,420,0.36381130261539546,25.0
sedan2door_-40_23_-8_35_20_230_30_420.png,-40,23,-8,35,20,230,30,420,None,27.0
sedan2door_-40_23_-30_10_15_80_30_420.png,-40,23,-30,10,15,80,30,420,0.6094269191240109,12.0
sedan4door_-40_15_-30_35_15_20_60_420.png,-40,15,-30,35,15,20,60,420,0.3010863057463125,2.0
hybrid_-40_45_-8_35_20_140_30_420.png,-40,45,-8,35,20,140,30,420,0.7957668452299842,12.0
sedan4door_-40_45_-30_10_20_80_30_420.png,-40,45,-30,10,20,80,30,420,0.5930134191689059,18.0
sedan4door_-20_45_-8_35_15_230_30_420.png,-20,45,-8,35,15,230,30,420,0.9314821492967905,2.0
sedan2door_-40_15_-8_35_15_20_30_420.png,-40,15,-8,35,15,20,30,420,0.674841965570343,6.0
hatchback_0_23_-8_35_20_230_30_420.png,0,23,-8,35,20,230,30,420,0.7028168084698793,23.0
hybrid_-40_15_-30_35_15_230_60_420.png,-40,15,-30,35,15,230,60,420,0.5970341700759647,18.0
hybrid_0_23_-8_10_15_80_60_420.png,0,23,-8,10,15,80,60,420,0.23846788769741867,1.0
sedan4door_-20_15_-8_10_15_230_30_420.png,-20,15,-8,10,15,230,30,420,0.7852636329681275,3.0
sedan2door_0_15_-8_10_20_20_60_420.png,0,15,-8,10,20,20,60,420,0.2403180143673426,12.0
suv_-20_23_-8_10_15_140_30_420.png,-20,23,-8,10,15,140,30,420,0.5371964019294998,13.0
hybrid_-40_45_-30_10_20_140_30_420.png,-40,45,-30,10,20,140,30,420,0.7989531524421633,12.0
sedan4door_0_23_-30_35_20_140_30_420.png,0,23,-30,35,20,140,30,420,0.18059962118825604,3.0
sedan4door_0_15_-8_35_15_140_30_420.png,0,15,-8,35,15,140,30,420,0.16856673702116937,3.0
sedan2door_-40_45_-30_35_15_20_60_420.png,-40,45,-30,35,15,20,60,420,0.40445645907743577,7.0
sedan4door_-40_45_-30_10_15_20_30_420.png,-40,45,-30,10,15,20,30,420,0.6860691712359881,7.0
suv_-40_23_-30_10_20_140_60_420.png,-40,23,-30,10,20,140,60,420,0.6487226683086533,20.0
sedan2door_-20_23_-30_10_15_20_60_420.png,-20,23,-30,10,15,20,60,420,0.4610218391502782,16.0
hybrid_-20_45_-8_35_20_140_60_420.png,-20,45,-8,35,20,140,60,420,0.6206181164476383,13.0
hybrid_0_15_-30_10_20_140_30_420.png,0,15,-30,10,20,140,30,420,None,1.0
hybrid_-40_15_-8_35_20_230_30_420.png,-40,15,-8,35,20,230,30,420,0.7488758516093145,9.0
sedan4door_0_45_-30_35_20_230_60_420.png,0,45,-30,35,20,230,60,420,0.13965874495296215,6.0
sedan4door_-40_45_-8_10_20_230_30_420.png,-40,45,-8,10,20,230,30,420,0.6808733602208416,13.0
suv_0_15_-8_10_20_230_60_420.png,0,15,-8,10,20,230,60,420,0.33984843001198084,1.0
sedan2door_-20_23_-8_10_15_230_30_420.png,-20,23,-8,10,15,230,30,420,None,12.0
hybrid_-40_23_-30_35_15_140_60_420.png,-40,23,-30,35,15,140,60,420,0.7715584394540924,10.0
suv_0_15_-30_10_20_230_60_420.png,0,15,-30,10,20,230,60,420,0.1307231346512247,3.0
sedan4door_-20_45_-8_35_15_80_30_420.png,-20,45,-8,35,15,80,30,420,0.46227545710921786,16.0
hatchback_-40_15_-30_35_20_20_60_420.png,-40,15,-30,35,20,20,60,420,0.23782928641849904,8.0
suv_-40_23_-30_35_15_80_30_420.png,-40,23,-30,35,15,80,30,420,0.5167606021514264,7.0
hatchback_-20_15_-30_10_20_20_60_420.png,-20,15,-30,10,20,20,60,420,0.486572265625,9.0
hatchback_-20_45_-8_10_20_20_60_420.png,-20,45,-8,10,20,20,60,420,0.4970009618631802,10.0
hatchback_-20_23_-30_10_20_230_30_420.png,-20,23,-30,10,20,230,30,420,0.8331489979370015,22.0
hatchback_-20_15_-8_35_15_80_30_420.png,-20,15,-8,35,15,80,30,420,0.8024424651152046,13.0
hatchback_-40_15_-8_35_20_20_60_420.png,-40,15,-8,35,20,20,60,420,0.29329887667304017,8.0
hybrid_-20_23_-8_10_20_230_30_420.png,-20,23,-8,10,20,230,30,420,0.5900361632648975,5.0
suv_-40_15_-8_10_15_20_60_420.png,-40,15,-8,10,15,20,60,420,0.4856930442556666,2.0
hybrid_-40_23_-8_10_20_20_60_420.png,-40,23,-8,10,20,20,60,420,0.5613592625240893,12.0
hatchback_-40_15_-30_35_20_230_30_420.png,-40,15,-30,35,20,230,30,420,0.7190795386364554,17.0
sedan2door_-40_45_-30_10_15_20_30_420.png,-40,45,-30,10,15,20,30,420,0.6642879247504608,1.0
suv_-20_23_-30_35_15_230_60_420.png,-20,23,-30,35,15,230,60,420,0.758967875323853,15.0
sedan4door_-20_23_-30_35_15_140_30_420.png,-20,23,-30,35,15,140,30,420,0.6377840643059718,26.0
suv_-20_45_-30_10_15_80_30_420.png,-20,45,-30,10,15,80,30,420,0.5964539115924633,10.0
hybrid_0_15_-8_10_20_80_60_420.png,0,15,-8,10,20,80,60,420,0.15890739874219312,1.0
sedan4door_-40_23_-8_10_15_140_30_420.png,-40,23,-8,10,15,140,30,420,0.6757934692505005,20.0
sedan2door_0_23_-8_35_15_230_60_420.png,0,23,-8,35,15,230,60,420,0.3221230868635506,1.0
sedan4door_0_45_-8_35_20_20_30_420.png,0,45,-8,35,20,20,30,420,0.36908992114337136,9.0
sedan2door_0_23_-8_35_20_140_60_420.png,0,23,-8,35,20,140,60,420,0.14750662146967589,2.0
hatchback_-20_45_-8_10_15_230_60_420.png,-20,45,-8,10,15,230,60,420,0.6808843540519304,18.0
sedan2door_-20_23_-8_10_20_80_60_420.png,-20,23,-8,10,20,80,60,420,0.8726649676644338,12.0
hatchback_-20_23_-8_10_15_140_30_420.png,-20,23,-8,10,15,140,30,420,0.6999677849944527,36.0
suv_-20_45_-30_10_20_80_60_420.png,-20,45,-30,10,20,80,60,420,0.7323252702304845,16.0
hybrid_0_45_-8_35_20_80_30_420.png,0,45,-8,35,20,80,30,420,0.29101093912986786,2.0
hybrid_-40_45_-30_35_15_80_60_420.png,-40,45,-30,35,15,80,60,420,0.7523141223306333,20.0
sedan4door_-20_15_-8_35_15_80_30_420.png,-20,15,-8,35,15,80,30,420,0.6121154341298546,15.0
suv_-20_15_-8_35_15_230_30_420.png,-20,15,-8,35,15,230,30,420,0.12638697210347877,10.0
hybrid_-40_23_-8_10_15_140_30_420.png,-40,23,-8,10,15,140,30,420,0.760869817216267,10.0
suv_-20_45_-30_10_15_20_30_420.png,-20,45,-30,10,15,20,30,420,0.6354117365585532,28.0
hybrid_0_15_-30_10_15_80_30_420.png,0,15,-30,10,15,80,30,420,0.17490961024426285,4.0
sedan2door_-20_15_-30_35_20_80_60_420.png,-20,15,-30,35,20,80,60,420,0.8891284018614515,14.0
sedan4door_-40_45_-8_35_20_140_30_420.png,-40,45,-8,35,20,140,30,420,0.6641243294075325,20.0
suv_-40_45_-8_35_15_140_30_420.png,-40,45,-8,35,15,140,30,420,0.6892251819924481,20.0
hatchback_0_45_-30_10_15_230_60_420.png,0,45,-30,10,15,230,60,420,0.22941981152103413,15.0
hybrid_-20_45_-30_35_20_140_60_420.png,-20,45,-30,35,20,140,60,420,0.64628481607844,13.0
suv_-20_15_-30_10_15_80_60_420.png,-20,15,-30,10,15,80,60,420,0.7766299919036003,16.0
sedan4door_0_15_-30_35_15_140_30_420.png,0,15,-30,35,15,140,30,420,0.19972169937626008,5.0
hybrid_-40_23_-8_35_20_230_30_420.png,-40,23,-8,35,20,230,30,420,0.7520924495230437,9.0
sedan4door_0_23_-8_10_20_80_60_420.png,0,23,-8,10,20,80,60,420,0.15358574545239476,4.0
hybrid_0_45_-8_35_20_20_60_420.png,0,45,-8,35,20,20,60,420,0.1129058858948526,3.0
sedan4door_-40_15_-8_10_15_230_60_420.png,-40,15,-8,10,15,230,60,420,0.5898020674542683,19.0
suv_0_15_-8_10_15_20_60_420.png,0,15,-8,10,15,20,60,420,0.11134198173274236,4.0
hatchback_-20_23_-8_35_20_140_30_420.png,-20,23,-8,35,20,140,30,420,0.7128708016159188,35.0
suv_-20_23_-8_35_20_20_60_420.png,-20,23,-8,35,20,20,60,420,0.5161293544630261,11.0
hybrid_-20_45_-30_10_15_20_60_420.png,-20,45,-30,10,15,20,60,420,0.6600716275522909,7.0
sedan2door_-20_45_-30_35_20_80_30_420.png,-20,45,-30,35,20,80,30,420,0.6523651698138708,5.0
hybrid_0_15_-30_10_15_80_60_420.png,0,15,-30,10,15,80,60,420,0.16237013465118957,1.0
suv_0_23_-30_10_20_140_60_420.png,0,23,-30,10,20,140,60,420,0.15293467322061227,8.0
sedan4door_-20_45_-30_10_15_140_60_420.png,-20,45,-30,10,15,140,60,420,0.8790221826990223,18.0
hybrid_-40_15_-30_35_20_20_60_420.png,-40,15,-30,35,20,20,60,420,0.5777669812056001,9.0
hatchback_-20_45_-30_10_15_20_30_420.png,-20,45,-30,10,15,20,30,420,0.6763685219332298,31.0
sedan4door_0_45_-30_10_15_230_30_420.png,0,45,-30,10,15,230,30,420,0.5046983572152944,17.0
sedan4door_-40_23_-8_35_20_230_60_420.png,-40,23,-8,35,20,230,60,420,0.5987184425501272,19.0
hatchback_0_15_-30_10_15_230_30_420.png,0,15,-30,10,15,230,30,420,0.8141824473505435,30.0
hatchback_-40_15_-30_10_15_230_60_420.png,-40,15,-30,10,15,230,60,420,0.6810359062139503,20.0
suv_0_23_-30_35_15_140_30_420.png,0,23,-30,35,15,140,30,420,0.20122474083533654,1.0
hatchback_-40_15_-8_35_20_80_60_420.png,-40,15,-8,35,20,80,60,420,0.8087657382391611,20.0
suv_0_45_-8_35_20_20_60_420.png,0,45,-8,35,20,20,60,420,0.12017672681292792,6.0
sedan2door_-20_45_-30_35_20_140_30_420.png,-20,45,-30,35,20,140,30,420,0.9746485612460402,6.0
hatchback_0_15_-30_10_20_140_30_420.png,0,15,-30,10,20,140,30,420,0.48723861440626853,4.0
hybrid_-20_45_-8_10_15_80_30_420.png,-20,45,-8,10,15,80,30,420,0.4720023137797254,11.0
sedan4door_0_45_-30_35_20_140_30_420.png,0,45,-30,35,20,140,30,420,0.26564453125,5.0
sedan4door_0_15_-8_35_20_20_30_420.png,0,15,-8,35,20,20,30,420,0.48481400829975474,16.0
suv_0_15_-8_10_20_140_60_420.png,0,15,-8,10,20,140,60,420,0.2202332201986218,3.0
suv_0_23_-8_35_20_20_30_420.png,0,23,-8,35,20,20,30,420,0.22958494048354958,17.0
suv_-40_23_-30_35_15_20_60_420.png,-40,23,-30,35,15,20,60,420,0.418212198899634,3.0
suv_0_23_-8_35_15_20_30_420.png,0,23,-8,35,15,20,30,420,0.30354966378250814,16.0
sedan2door_0_15_-30_35_20_20_30_420.png,0,15,-30,35,20,20,30,420,0.263398359319814,6.0
sedan4door_-40_23_-30_10_20_80_30_420.png,-40,23,-30,10,20,80,30,420,0.6062311262611539,18.0
hybrid_-40_45_-8_10_15_230_30_420.png,-40,45,-8,10,15,230,30,420,0.7719431173697158,8.0
hatchback_-40_23_-8_10_20_230_30_420.png,-40,23,-8,10,20,230,30,420,0.6783445999773159,14.0
sedan4door_-20_23_-8_35_15_140_30_420.png,-20,23,-8,35,15,140,30,420,0.6445528213291952,26.0
hybrid_-40_45_-30_35_15_80_30_420.png,-40,45,-30,35,15,80,30,420,0.6780506241986446,20.0
suv_-40_15_-30_10_20_230_60_420.png,-40,15,-30,10,20,230,60,420,0.6492166280785411,20.0
sedan4door_-20_15_-30_10_20_230_30_420.png,-20,15,-30,10,20,230,30,420,0.7026502324353887,13.0
sedan2door_-20_23_-8_35_15_230_30_420.png,-20,23,-8,35,15,230,30,420,None,12.0
hatchback_-40_15_-8_35_20_230_30_420.png,-40,15,-8,35,20,230,30,420,0.745466342469345,13.0
sedan4door_-40_23_-30_10_20_230_30_420.png,-40,23,-30,10,20,230,30,420,0.6919095986747112,18.0
suv_0_23_-8_35_20_80_30_420.png,0,23,-8,35,20,80,30,420,0.2877424482509628,8.0
sedan2door_0_23_-30_10_15_230_30_420.png,0,23,-30,10,15,230,30,420,None,8.0
sedan2door_-40_45_-8_35_20_20_60_420.png,-40,45,-8,35,20,20,60,420,0.40537534405147657,7.0
hybrid_-20_23_-30_35_15_230_60_420.png,-20,23,-30,35,15,230,60,420,0.6900336225473701,15.0
suv_-40_15_-30_35_20_140_30_420.png,-40,15,-30,35,20,140,30,420,0.698467958759961,20.0
hybrid_-20_45_-8_35_15_80_60_420.png,-20,45,-8,35,15,80,60,420,0.7353704440618503,10.0
hybrid_-20_45_-30_35_20_20_60_420.png,-20,45,-30,35,20,20,60,420,0.6841233323915875,6.0
sedan2door_-20_45_-30_35_15_20_30_420.png,-20,45,-30,35,15,20,30,420,0.7231314130990556,23.0
hybrid_-20_15_-30_10_15_230_30_420.png,-20,15,-30,10,15,230,30,420,0.6298426835138179,3.0
sedan2door_0_15_-8_35_20_80_60_420.png,0,15,-8,35,20,80,60,420,0.08737627938070011,2.0
suv_-20_45_-30_35_15_20_30_420.png,-20,45,-30,35,15,20,30,420,0.6764921381654944,32.0
hatchback_0_23_-30_10_15_140_60_420.png,0,23,-30,10,15,140,60,420,0.21394549906424407,6.0
sedan2door_-20_45_-30_10_20_230_30_420.png,-20,45,-30,10,20,230,30,420,None,13.0
sedan2door_-40_45_-8_10_20_140_30_420.png,-40,45,-8,10,20,140,30,420,0.6684639555990561,17.0
hatchback_-20_23_-30_10_15_230_60_420.png,-20,23,-30,10,15,230,60,420,0.8360083480132589,14.0
suv_-20_23_-30_10_20_230_60_420.png,-20,23,-30,10,20,230,60,420,0.7038613449544422,15.0
hybrid_0_15_-8_35_15_20_60_420.png,0,15,-8,35,15,20,60,420,0.10708381613640938,2.0
sedan4door_0_15_-30_35_15_230_60_420.png,0,15,-30,35,15,230,60,420,0.2049302932833225,6.0
suv_0_15_-8_35_20_140_30_420.png,0,15,-8,35,20,140,30,420,0.252585214468149,1.0
suv_-20_23_-8_35_20_20_30_420.png,-20,23,-8,35,20,20,30,420,0.6977968232589331,31.0
hatchback_-20_15_-8_35_15_140_30_420.png,-20,15,-8,35,15,140,30,420,0.7216937324077498,37.0
sedan4door_-20_15_-8_10_20_140_60_420.png,-20,15,-8,10,20,140,60,420,0.7902774552012669,14.0
hatchback_-20_45_-8_35_20_80_30_420.png,-20,45,-8,35,20,80,30,420,0.7132686880082553,12.0
hatchback_0_45_-30_35_15_20_30_420.png,0,45,-30,35,15,20,30,420,0.5191247837238951,9.0
hatchback_-20_15_-8_35_15_80_60_420.png,-20,15,-8,35,15,80,60,420,0.7189749166586723,9.0
sedan4door_-20_45_-8_35_20_20_30_420.png,-20,45,-8,35,20,20,30,420,0.7319347104751214,19.0
sedan4door_-20_15_-30_10_20_20_60_420.png,-20,15,-30,10,20,20,60,420,0.5771655085154241,26.0
hatchback_0_15_-30_35_15_80_60_420.png,0,15,-30,35,15,80,60,420,0.13800425698472324,2.0
hatchback_-40_15_-8_35_15_20_30_420.png,-40,15,-8,35,15,20,30,420,0.7205888156462289,15.0
sedan2door_0_23_-30_35_15_80_30_420.png,0,23,-30,35,15,80,30,420,0.26530284266318044,8.0
hatchback_0_15_-30_35_15_140_30_420.png,0,15,-30,35,15,140,30,420,0.5333985534812945,4.0
sedan2door_-20_45_-8_35_15_80_30_420.png,-20,45,-8,35,15,80,30,420,0.5846899089748416,1.0
sedan4door_-20_45_-30_10_20_20_60_420.png,-20,45,-30,10,20,20,60,420,0.6591424074148458,31.0
sedan2door_0_23_-30_10_15_140_30_420.png,0,23,-30,10,15,140,30,420,0.16658653030603393,3.0
hybrid_0_45_-8_10_20_140_60_420.png,0,45,-8,10,20,140,60,420,0.13180893484389059,5.0
suv_0_45_-30_10_15_80_30_420.png,0,45,-30,10,15,80,30,420,0.512742887014602,11.0
hatchback_-20_23_-8_10_15_230_30_420.png,-20,23,-8,10,15,230,30,420,0.8926869647878323,6.0
suv_-20_15_-30_10_20_20_30_420.png,-20,15,-30,10,20,20,30,420,0.6567550770420474,28.0
hatchback_0_45_-30_35_15_80_30_420.png,0,45,-30,35,15,80,30,420,0.6184966899512172,16.0
sedan2door_0_15_-30_10_20_20_30_420.png,0,15,-30,10,20,20,30,420,0.2526655706877649,5.0
hatchback_0_23_-30_35_15_80_30_420.png,0,23,-30,35,15,80,30,420,0.5539382234914348,18.0
sedan2door_-20_23_-30_35_20_140_30_420.png,-20,23,-30,35,20,140,30,420,0.9558605608995512,6.0
hybrid_-40_15_-30_35_15_80_30_420.png,-40,15,-30,35,15,80,30,420,0.732900228744047,20.0
sedan2door_-40_23_-8_10_15_230_60_420.png,-40,23,-8,10,15,230,60,420,0.6453535189130892,19.0
hatchback_-20_15_-8_35_15_230_60_420.png,-20,15,-8,35,15,230,60,420,0.7991780381654706,16.0
hatchback_0_15_-8_35_15_140_30_420.png,0,15,-8,35,15,140,30,420,0.4571095736179669,4.0
sedan2door_0_23_-8_10_15_230_30_420.png,0,23,-8,10,15,230,30,420,None,8.0
sedan4door_-20_15_-30_35_20_20_30_420.png,-20,15,-30,35,20,20,30,420,0.7430268959704636,34.0
sedan2door_-40_45_-30_35_15_140_60_420.png,-40,45,-30,35,15,140,60,420,0.6628454300723119,19.0
sedan2door_0_23_-30_35_20_80_60_420.png,0,23,-30,35,20,80,60,420,0.08292454152502372,2.0
hybrid_-20_23_-8_35_15_20_60_420.png,-20,23,-8,35,15,20,60,420,0.6052357951008466,9.0
sedan4door_0_15_-30_35_20_230_30_420.png,0,15,-30,35,20,230,30,420,0.7056941542514535,23.0
sedan2door_-20_15_-30_10_15_80_60_420.png,-20,15,-30,10,15,80,60,420,0.8964921328009291,13.0
sedan2door_-20_23_-8_35_15_20_60_420.png,-20,23,-8,35,15,20,60,420,0.46042134142274566,16.0
sedan2door_-20_45_-30_10_15_230_30_420.png,-20,45,-30,10,15,230,30,420,None,13.0
sedan2door_-20_23_-30_10_15_230_30_420.png,-20,23,-30,10,15,230,30,420,None,12.0
hatchback_0_15_-30_35_20_230_30_420.png,0,15,-30,35,20,230,30,420,0.6473133458500415,29.0
suv_-20_23_-8_10_20_80_30_420.png,-20,23,-8,10,20,80,30,420,0.7512756551906009,8.0
suv_0_15_-30_10_15_20_60_420.png,0,15,-30,10,15,20,60,420,0.13421524946684596,7.0
sedan2door_-40_45_-8_10_20_20_30_420.png,-40,45,-8,10,20,20,30,420,0.6617817319365137,1.0
hatchback_-40_15_-30_35_20_20_30_420.png,-40,15,-30,35,20,20,30,420,0.7350069334066365,15.0
hybrid_0_23_-8_10_15_230_60_420.png,0,23,-8,10,15,230,60,420,0.27100595801767674,4.0
hatchback_0_15_-8_10_15_140_60_420.png,0,15,-8,10,15,140,60,420,0.185176838447383,2.0
hybrid_0_23_-30_35_15_20_60_420.png,0,23,-30,35,15,20,60,420,0.10937667527301521,2.0
sedan2door_0_15_-8_10_20_230_30_420.png,0,15,-8,10,20,230,30,420,None,13.0
sedan2door_-40_45_-8_35_20_80_60_420.png,-40,45,-8,35,20,80,60,420,0.8410977583185901,18.0
sedan4door_0_23_-8_35_20_140_30_420.png,0,23,-8,35,20,140,30,420,0.16437697872038812,2.0
sedan2door_-20_45_-8_35_15_230_30_420.png,-20,45,-8,35,15,230,30,420,None,13.0
sedan4door_0_15_-30_10_15_140_30_420.png,0,15,-30,10,15,140,30,420,0.16961923906880041,5.0
suv_0_23_-30_35_20_80_60_420.png,0,23,-30,35,20,80,60,420,0.13136695857970299,6.0
sedan2door_-40_15_-8_35_20_230_30_420.png,-40,15,-8,35,20,230,30,420,None,23.0
sedan2door_-40_15_-30_35_20_80_60_420.png,-40,15,-30,35,20,80,60,420,0.8255915725367446,18.0
suv_0_23_-30_35_20_80_30_420.png,0,23,-30,35,20,80,30,420,0.33166102750922655,10.0
sedan4door_0_45_-30_10_15_140_30_420.png,0,45,-30,10,15,140,30,420,0.30569007135206655,7.0
sedan4door_-40_45_-30_35_15_140_30_420.png,-40,45,-30,35,15,140,30,420,0.6575229200554722,19.0
sedan4door_-20_23_-8_10_15_140_30_420.png,-20,23,-8,10,15,140,30,420,0.6481708683379709,30.0
sedan2door_-40_15_-30_10_20_80_60_420.png,-40,15,-30,10,20,80,60,420,0.8287177952333968,18.0
hybrid_-20_23_-30_10_20_20_60_420.png,-20,23,-30,10,20,20,60,420,0.614123621200295,9.0
hatchback_0_45_-8_35_20_80_60_420.png,0,45,-8,35,20,80,60,420,0.08002750395334764,1.0
sedan2door_-20_15_-30_10_15_140_30_420.png,-20,15,-30,10,15,140,30,420,0.9370519362130412,3.0
sedan4door_-40_23_-8_10_15_80_60_420.png,-40,23,-8,10,15,80,60,420,0.778268702775119,20.0
sedan2door_-20_23_-8_10_20_20_30_420.png,-20,23,-8,10,20,20,30,420,0.7115163260813302,32.0
sedan2door_-40_23_-30_35_15_80_60_420.png,-40,23,-30,35,15,80,60,420,0.8207541592950462,18.0
suv_0_23_-30_10_20_230_60_420.png,0,23,-30,10,20,230,60,420,0.22309506612336927,3.0
sedan4door_0_23_-8_35_15_230_60_420.png,0,23,-8,35,15,230,60,420,0.1878173192040946,2.0
sedan4door_-20_15_-30_35_15_20_30_420.png,-20,15,-30,35,15,20,30,420,0.7425714355441513,33.0
sedan2door_-20_45_-8_35_20_230_30_420.png,-20,45,-8,35,20,230,30,420,None,13.0
hybrid_-40_45_-8_35_15_230_30_420.png,-40,45,-8,35,15,230,30,420,0.7765949571793003,10.0
hybrid_0_23_-30_10_15_230_60_420.png,0,23,-30,10,15,230,60,420,0.26151353399944044,4.0
suv_0_45_-30_10_20_80_30_420.png,0,45,-30,10,20,80,30,420,0.4780357115994063,9.0
hatchback_-40_23_-30_10_20_20_60_420.png,-40,23,-30,10,20,20,60,420,0.3344464449763982,4.0
sedan2door_0_23_-30_35_15_20_60_420.png,0,23,-30,35,15,20,60,420,0.1704887977013221,12.0
suv_0_23_-8_35_20_80_60_420.png,0,23,-8,35,20,80,60,420,0.09657761694463116,1.0
sedan2door_0_45_-8_10_20_230_30_420.png,0,45,-8,10,20,230,30,420,None,8.0
hatchback_-20_45_-8_35_15_230_30_420.png,-20,45,-8,35,15,230,30,420,0.8410144461995473,4.0
sedan4door_-40_45_-8_35_20_140_60_420.png,-40,45,-8,35,20,140,60,420,0.5814924701386158,11.0
hatchback_0_15_-30_35_20_140_60_420.png,0,15,-30,35,20,140,60,420,0.22356533144430632,3.0
hybrid_-20_15_-8_35_20_80_30_420.png,-20,15,-8,35,20,80,30,420,0.5547143827507495,16.0
hybrid_-40_45_-30_10_15_20_60_420.png,-40,45,-30,10,15,20,60,420,0.5726083296530192,15.0
sedan2door_-20_15_-8_35_15_80_30_420.png,-20,15,-8,35,15,80,30,420,0.5196478145152726,0.0
hybrid_0_15_-30_35_15_230_30_420.png,0,15,-30,35,15,230,30,420,0.07469196006899974,4.0
sedan2door_-20_45_-30_10_20_230_60_420.png,-20,45,-30,10,20,230,60,420,0.6141343689577893,4.0
hatchback_0_23_-8_10_15_230_60_420.png,0,23,-8,10,15,230,60,420,0.308240457085726,12.0
sedan2door_-20_45_-30_10_20_80_60_420.png,-20,45,-30,10,20,80,60,420,0.8496651259761681,12.0
hybrid_0_45_-30_35_20_230_60_420.png,0,45,-30,35,20,230,60,420,0.20973731006800964,2.0
sedan2door_0_23_-30_10_20_20_60_420.png,0,23,-30,10,20,20,60,420,0.1694059537598868,11.0
suv_-40_45_-30_35_20_140_30_420.png,-40,45,-30,35,20,140,30,420,0.6836043825142467,20.0
hybrid_0_45_-8_10_15_80_60_420.png,0,45,-8,10,15,80,60,420,0.20329570975944689,1.0
hybrid_0_45_-30_10_20_140_60_420.png,0,45,-30,10,20,140,60,420,0.1267440695210567,6.0
hybrid_-20_23_-8_10_15_140_30_420.png,-20,23,-8,10,15,140,30,420,0.8579376788712193,15.0
suv_-20_15_-30_10_20_140_60_420.png,-20,15,-30,10,20,140,60,420,0.6901674752205434,10.0
hatchback_-20_15_-30_35_20_230_60_420.png,-20,15,-30,35,20,230,60,420,0.8832407368801423,14.0
suv_-40_15_-8_35_20_140_30_420.png,-40,15,-8,35,20,140,30,420,0.7078199110886536,20.0
sedan4door_-20_23_-8_10_15_230_30_420.png,-20,23,-8,10,15,230,30,420,0.7765721780845368,3.0
hybrid_-40_45_-30_35_15_230_60_420.png,-40,45,-30,35,15,230,60,420,0.5985829240548352,18.0
sedan2door_-20_45_-30_35_15_80_60_420.png,-20,45,-30,35,15,80,60,420,0.8527470767554194,10.0
sedan4door_-40_23_-8_10_20_80_30_420.png,-40,23,-8,10,20,80,30,420,0.6364234146059369,20.0
hybrid_-20_15_-8_35_20_230_30_420.png,-20,15,-8,35,20,230,30,420,0.5919509099009505,3.0
sedan2door_0_45_-8_35_15_80_60_420.png,0,45,-8,35,15,80,60,420,0.16553447694422666,1.0
hybrid_0_45_-8_35_15_140_60_420.png,0,45,-8,35,15,140,60,420,0.1339214578959208,5.0
hybrid_0_15_-30_35_15_80_60_420.png,0,15,-30,35,15,80,60,420,0.16769779954001168,1.0
hatchback_-20_15_-30_35_20_80_60_420.png,-20,15,-30,35,20,80,60,420,0.5772850288396969,12.0
suv_0_45_-8_10_15_20_60_420.png,0,45,-8,10,15,20,60,420,0.11918572823769256,6.0
sedan2door_-20_15_-8_35_20_20_60_420.png,-20,15,-8,35,20,20,60,420,0.4412919864557131,14.0
hatchback_0_23_-8_10_20_80_30_420.png,0,23,-8,10,20,80,30,420,0.28938088277023766,14.0
hatchback_0_23_-30_35_15_140_60_420.png,0,23,-30,35,15,140,60,420,0.19996858803149148,5.0
suv_0_15_-30_35_20_20_30_420.png,0,15,-30,35,20,20,30,420,0.44259124393654004,19.0
sedan2door_-20_23_-8_35_15_80_60_420.png,-20,23,-8,35,15,80,60,420,0.8945923262462973,11.0
sedan2door_-20_45_-8_35_20_230_60_420.png,-20,45,-8,35,20,230,60,420,0.602342886827039,4.0
hybrid_0_15_-8_35_15_140_60_420.png,0,15,-8,35,15,140,60,420,0.18517943750117163,3.0
sedan4door_-40_23_-30_35_15_140_30_420.png,-40,23,-30,35,15,140,30,420,0.6649067687479145,19.0
suv_0_23_-8_10_20_230_30_420.png,0,23,-8,10,20,230,30,420,0.11142268854516081,8.0
hybrid_-20_45_-8_10_20_20_30_420.png,-20,45,-8,10,20,20,30,420,0.6635837464402489,1.0
sedan2door_0_15_-8_35_15_20_30_420.png,0,15,-8,35,15,20,30,420,0.2736443613230663,5.0
sedan2door_-20_15_-8_10_15_230_30_420.png,-20,15,-8,10,15,230,30,420,None,8.0
suv_0_15_-8_35_15_80_30_420.png,0,15,-8,35,15,80,30,420,0.2450834340400353,7.0
sedan2door_-40_15_-30_35_20_140_60_420.png,-40,15,-30,35,20,140,60,420,0.6256706063489048,19.0
hatchback_-40_23_-30_10_15_20_60_420.png,-40,23,-30,10,15,20,60,420,0.39065198150693115,3.0
hatchback_-20_23_-30_10_15_80_30_420.png,-20,23,-30,10,15,80,30,420,0.8593137943824954,15.0
sedan4door_-40_45_-30_35_15_80_30_420.png,-40,45,-30,35,15,80,30,420,0.6141990920008619,19.0
sedan4door_-20_45_-30_35_15_230_30_420.png,-20,45,-30,35,15,230,30,420,0.7325966330135569,23.0
sedan4door_0_45_-8_10_15_140_60_420.png,0,45,-8,10,15,140,60,420,0.13269208840432117,2.0
sedan2door_-20_23_-8_35_15_140_30_420.png,-20,23,-8,35,15,140,30,420,0.9593804912305306,4.0
sedan4door_-20_23_-30_10_20_20_30_420.png,-20,23,-30,10,20,20,30,420,0.7613961526259274,30.0
hatchback_-40_15_-8_35_15_20_60_420.png,-40,15,-8,35,15,20,60,420,0.31864433799145553,8.0
hybrid_-40_15_-30_10_20_20_60_420.png,-40,15,-30,10,20,20,60,420,0.5617623750070851,10.0
sedan2door_-20_15_-8_35_20_140_30_420.png,-20,15,-8,35,20,140,30,420,0.9450235014354541,6.0
hatchback_-20_15_-8_10_20_230_60_420.png,-20,15,-8,10,20,230,60,420,0.7555111459376391,14.0
sedan4door_-20_45_-8_10_20_80_30_420.png,-20,45,-8,10,20,80,30,420,0.5770337144490755,18.0
hatchback_-20_45_-8_10_20_230_30_420.png,-20,45,-8,10,20,230,30,420,0.8012511083684816,3.0
sedan2door_-40_15_-30_10_15_140_60_420.png,-40,15,-30,10,15,140,60,420,0.6230543460817962,19.0
hybrid_-40_23_-8_10_20_20_30_420.png,-40,23,-8,10,20,20,30,420,0.5203220823481602,1.0
suv_0_23_-8_10_15_80_60_420.png,0,23,-8,10,15,80,60,420,0.06473257801669362,1.0
sedan4door_0_45_-8_10_20_230_60_420.png,0,45,-8,10,20,230,60,420,0.1956065876796764,1.0
suv_-40_23_-30_10_20_230_30_420.png,-40,23,-30,10,20,230,30,420,0.35592924185453484,30.0
hybrid_-40_15_-8_10_15_80_30_420.png,-40,15,-8,10,15,80,30,420,0.7284589666664759,20.0
sedan2door_-40_23_-8_10_15_80_60_420.png,-40,23,-8,10,15,80,60,420,0.818750159482172,18.0
suv_-20_23_-8_10_20_20_30_420.png,-20,23,-8,10,20,20,30,420,0.6614044531009344,21.0
hybrid_-40_23_-8_10_20_140_60_420.png,-40,23,-8,10,20,140,60,420,0.7688682370991209,10.0
hatchback_-20_23_-8_35_20_80_60_420.png,-20,23,-8,35,20,80,60,420,0.5656286349410016,9.0
hybrid_0_23_-8_35_15_230_60_420.png,0,23,-8,35,15,230,60,420,0.24584167872797577,4.0
suv_-20_23_-8_10_15_20_30_420.png,-20,23,-8,10,15,20,30,420,0.6667747446638516,22.0
sedan4door_0_15_-8_10_20_140_60_420.png,0,15,-8,10,20,140,60,420,0.1453021597280199,2.0
sedan4door_-40_15_-30_35_15_140_30_420.png,-40,15,-30,35,15,140,30,420,0.6704613141787621,20.0
sedan2door_-20_45_-30_35_15_20_60_420.png,-20,45,-30,35,15,20,60,420,0.4666606520123485,17.0
hatchback_-40_45_-8_35_15_20_60_420.png,-40,45,-8,35,15,20,60,420,0.5129145722544216,1.0
hatchback_-40_45_-8_10_20_80_30_420.png,-40,45,-8,10,20,80,30,420,0.7089423518758785,19.0
suv_0_23_-30_35_20_230_60_420.png,0,23,-30,35,20,230,60,420,0.30227401132146897,3.0
hybrid_-20_45_-8_35_15_20_60_420.png,-20,45,-8,35,15,20,60,420,0.666712357301563,8.0
hatchback_-40_23_-30_10_20_140_60_420.png,-40,23,-30,10,20,140,60,420,0.6182121095394391,4.0
hatchback_-20_45_-30_35_20_80_60_420.png,-20,45,-30,35,20,80,60,420,0.46373951488152343,11.0
hatchback_-40_15_-30_35_15_80_60_420.png,-40,15,-30,35,15,80,60,420,0.8144790547636609,20.0
sedan4door_-20_45_-8_35_15_140_60_420.png,-20,45,-8,35,15,140,60,420,0.7958218147539655,14.0
suv_0_15_-30_35_15_140_30_420.png,0,15,-30,35,15,140,30,420,0.2262926307091346,1.0
suv_0_23_-8_10_20_20_60_420.png,0,23,-8,10,20,20,60,420,0.1260586296882294,5.0
sedan2door_0_23_-8_35_15_140_60_420.png,0,23,-8,35,15,140,60,420,0.16511635961829585,2.0
hybrid_0_15_-8_35_20_80_30_420.png,0,15,-8,35,20,80,30,420,0.16671631538486614,4.0
hybrid_-20_23_-30_35_15_80_60_420.png,-20,23,-30,35,15,80,60,420,0.6958063983454609,10.0
suv_-20_45_-30_10_20_140_60_420.png,-20,45,-30,10,20,140,60,420,0.6852096529767036,8.0
hybrid_-20_45_-8_10_15_140_30_420.png,-20,45,-8,10,15,140,30,420,0.8638814290364584,17.0
hybrid_0_15_-8_10_20_20_30_420.png,0,15,-8,10,20,20,30,420,0.12256058862277222,4.0
sedan2door_0_45_-30_10_20_80_60_420.png,0,45,-30,10,20,80,60,420,0.14968248419574323,1.0
sedan4door_-40_45_-30_10_15_80_60_420.png,-40,45,-30,10,15,80,60,420,0.7770679127327706,20.0
hatchback_0_15_-8_10_15_230_60_420.png,0,15,-8,10,15,230,60,420,0.2831491246587238,10.0
hatchback_-40_15_-8_10_20_80_30_420.png,-40,15,-8,10,20,80,30,420,0.716972464083955,19.0
sedan4door_0_23_-8_35_20_230_30_420.png,0,23,-8,35,20,230,30,420,0.47433327448072954,18.0
sedan2door_-40_23_-8_35_15_80_30_420.png,-40,23,-8,35,15,80,30,420,0.608571243663452,13.0
sedan4door_0_15_-30_10_15_140_60_420.png,0,15,-30,10,15,140,60,420,0.31847618802359223,7.0
sedan2door_0_23_-8_10_20_230_60_420.png,0,23,-8,10,20,230,60,420,0.3111967678727775,1.0
suv_-40_15_-30_35_15_230_60_420.png,-40,15,-30,35,15,230,60,420,0.6734693926390705,20.0
suv_0_45_-30_35_15_20_60_420.png,0,45,-30,35,15,20,60,420,0.19822337968591938,11.0
suv_-20_23_-30_10_15_80_30_420.png,-20,23,-30,10,15,80,30,420,0.4429141815687291,4.0
sedan4door_0_15_-30_10_20_140_60_420.png,0,15,-30,10,20,140,60,420,0.283866667956155,6.0
sedan4door_0_23_-8_10_20_20_60_420.png,0,23,-8,10,20,20,60,420,0.34694946980382274,18.0
sedan2door_0_23_-8_35_15_140_30_420.png,0,23,-8,35,15,140,30,420,0.16739862426425195,3.0
sedan4door_-40_45_-30_35_20_230_30_420.png,-40,45,-30,35,20,230,30,420,0.7650893437547449,19.0
sedan2door_-20_45_-8_10_15_80_30_420.png,-20,45,-8,10,15,80,30,420,0.598530389587195,2.0
hybrid_-40_15_-8_35_15_20_60_420.png,-40,15,-8,35,15,20,60,420,0.563942444511884,11.0
sedan4door_-40_15_-8_35_20_230_60_420.png,-40,15,-8,35,20,230,60,420,0.5999776865040027,19.0
hybrid_-40_45_-30_35_15_230_30_420.png,-40,45,-30,35,15,230,30,420,0.7812767807318239,8.0
sedan4door_-40_15_-30_10_15_20_30_420.png,-40,15,-30,10,15,20,30,420,0.6920735035605518,16.0
hybrid_-20_15_-8_10_15_80_30_420.png,-20,15,-8,10,15,80,30,420,0.5756107308488349,17.0
sedan2door_0_45_-30_35_15_230_60_420.png,0,45,-30,35,15,230,60,420,0.30235635165510505,0.0
suv_-20_15_-30_35_15_20_60_420.png,-20,15,-30,35,15,20,60,420,0.4498235237748844,17.0
hybrid_-40_45_-8_35_15_230_60_420.png,-40,45,-8,35,15,230,60,420,0.589388956559522,18.0
suv_0_23_-30_10_20_20_30_420.png,0,23,-30,10,20,20,30,420,0.2730602950641436,14.0
hybrid_-40_45_-30_10_15_80_60_420.png,-40,45,-30,10,15,80,60,420,0.7514090093592205,20.0
sedan4door_-20_15_-30_10_20_20_30_420.png,-20,15,-30,10,20,20,30,420,0.7061328037840966,34.0
hatchback_-20_23_-8_35_20_20_60_420.png,-20,23,-8,35,20,20,60,420,0.5042832969745031,11.0
sedan2door_0_23_-8_10_15_230_60_420.png,0,23,-8,10,15,230,60,420,0.3154868290342134,1.0
suv_0_15_-30_35_15_20_60_420.png,0,15,-30,35,15,20,60,420,0.15350176041139796,9.0
sedan4door_0_45_-30_35_15_80_60_420.png,0,45,-30,35,15,80,60,420,0.22796721669602224,7.0
sedan2door_-20_23_-30_10_15_80_60_420.png,-20,23,-30,10,15,80,60,420,0.8749718615356133,12.0
hybrid_-40_23_-30_35_15_80_30_420.png,-40,23,-30,35,15,80,30,420,0.6955216036839454,20.0
sedan2door_-20_45_-30_35_20_20_30_420.png,-20,45,-30,35,20,20,30,420,0.7198926599901525,23.0
suv_0_45_-30_35_20_230_60_420.png,0,45,-30,35,20,230,60,420,0.2732109744200945,3.0
suv_-40_45_-30_35_15_80_30_420.png,-40,45,-30,35,15,80,30,420,0.5653638207302097,16.0
hatchback_-20_15_-8_10_20_20_30_420.png,-20,15,-8,10,20,20,30,420,0.591647357822205,15.0
sedan4door_-40_15_-8_35_20_140_30_420.png,-40,15,-8,35,20,140,30,420,0.6498786791348641,20.0
suv_-40_45_-30_10_15_80_30_420.png,-40,45,-30,10,15,80,30,420,0.5714269768148971,10.0
